Manufacturer,Part_Number,Subsystems,Casing,Description,Section,Subsection,unit,Quantity_per_element,Has_datasheet_info,L_mm,W_mm,H_mm,Volume_cm3_excel,Density_min_g_cm3,Density_max_g_cm3,Metal_extra_g,mass_space_relation_m2/kg,Database,Ecoinvent_flow,Ecoinvent_unit,Direction
,Assambly THT components in the PCB,4Q_output_control_card,,'1',"Assembly Processes:""THT""",,,YES,'205','110',,,,,,,'EcoInvent','mounting,through-hole technology,Pb-free solder','m2'
,PCB_ANAL_CONTROL,analog_control,,,PCB,,m2,,YES,195,100,,,,,,3.08,EcoInvent,"printed wiring board production, for through-hole mounting, Pb free surface",m2,Input
3M,3341-5,"4Q_output_control_card, 4Q_output_power_card, 4Q_power_card, control_backplane_card, fan_supervision_card, inverter_power_card",,"#4-24 x 5/16'' (7.94mm) Pan Head Cutting Screw, Fully Threaded, Stainless Steel",Hardware,Mounting hardware,kg,,NO,,,,0.0805,7.8,7.9,0,,EcoInvent,"steel, low-alloyed+metal working, average for steel product manufacturing",kg,Input
3M,3341-5,"4Q_output_control_card, 4Q_output_power_card, 4Q_power_card, control_backplane_card, fan_supervision_card, inverter_power_card",,"#4-24 x 5/16'' (7.94mm) Pan Head Cutting Screw, Fully Threaded, Stainless Steel",Hardware,Mounting hardware,kg,,NO,,,,0.0805,7.8,7.9,0,,EcoInvent,"steel, chromium steel 18/8 + metal working, average for chromium steel product manufacturing",kg,Input
3M,3341-5,"4Q_output_control_card, 4Q_output_power_card, 4Q_power_card, control_backplane_card, fan_supervision_card, inverter_power_card",,"#4-24 x 5/16'' (7.94mm) Pan Head Cutting Screw, Fully Threaded, Stainless Steel",Hardware,Mounting hardware,kg,,NO,,,,0.0805,7.8,7.9,0,,EcoInvent,"steel, low-alloyed + market for metal working, average for metal product manufacturing",kg,Input
3M,3341-5,"4Q_output_control_card, 4Q_output_power_card, 4Q_power_card, control_backplane_card, fan_supervision_card, inverter_power_card",,"#4-24 x 5/16'' (7.94mm) Pan Head Cutting Screw, Fully Threaded, Stainless Steel",Hardware,Mounting hardware,kg,,NO,,,,0.0805,7.8,7.9,0,,EcoInvent,"market for steel, low-alloyed + metal working, average for metal product manufacturing",kg,Input
3M,3341-5,"4Q_output_control_card, 4Q_output_power_card, 4Q_power_card, control_backplane_card, fan_supervision_card, inverter_power_card",,"#4-24 x 5/16'' (7.94mm) Pan Head Cutting Screw, Fully Threaded, Stainless Steel",Hardware,Mounting hardware,kg,,NO,,,,0.0805,7.8,7.9,0,,EcoInvent,"steel, low-alloyed + metal working, average for steel product manufacturing",kg,Input
3M,N3314-6302RB,control_backplane_card,,Connector 14,Electromechanical,Connectors,kg,0.00405,YES,,,,,,,,,EcoInvent,"electric connector production, wire clamp",kg,Input
3M,N3428-6302RB,"4Q_output_control_card, control_backplane_card, inverter_power_card",,"20 Contacts - Straight .100'' x .100'' Low Profile Black Four-Wall Header (Long Roll Pin Latch/Ejectors), 3000 Series",Electromechanical,Connectors,kg,,NO,44.83,8.6,27.2,,1.3,1.5,3.5,,EcoInvent,"electric connector production, wire clamp",kg,Input
3M,N3429-6302RB,"4Q_output_control_card, 4Q_output_power_card, 4Q_power_card, control_backplane_card",,"26 Contacts - Straight .100'' x .100'' Low Profile Black Four-Wall Header (Long Roll Pin Latch/Ejectors), 3000 Series",Electromechanical,Connectors,kg,,NO,52.4,8.6,27.2,,1.3,1.5,4,,EcoInvent,"electric connector production, wire clamp",kg,Input
3M,N3793-6302RB,"control_backplane_card, fan_supervision_card",,"10 Contacts - Straight .100'' x .100'' Low Profile Black Four-Wall Header (Long Roll Pin Latch/Ejectors), 3000 Series",Electromechanical,Connectors,kg,0.00405,YES,,,,,,,,,EcoInvent,"electric connector production, wire clamp",kg,Input
ABRACON,ARJM11D7-502-AB-EW2,digital_control,,DC-10MBd Versatile Link Fiber Optic Analog Transmitter for 1 mm POF and 200 µm PCS,Electromechanical,Connectors,kg,0.010248,YES,,,,,,,,,EcoInvent,"electric connector production, peripheral type buss",kg,Input
AMPHENOL,10052825-101LF,"analog_control, digital_control",,"72 Contacts, 2mm Pitch, 6 Columns, 4 Pairs per Column, 4 Walls",Electromechanical,Connectors,kg,0.015336,YES,,,,,,,,0,EcoInvent,"electric connector production, peripheral type buss",kg,Input
AMPHENOL,10052825-101LF,"analog_control, digital_control",,"72 Contacts, 2mm Pitch, 6 Columns, 4 Pairs per Column, 4 Walls, Right Angle Header",Electromechanical,Connectors,kg,0.015336,YES,,,,,,,,,EcoInvent,"electric connector production, peripheral type buss",kg,Input
AMPHENOL,10052837-101LF,"analog_control, digital_control",,"96 Contacts, 2mm Pitch, 8 Columns, 4 Pairs per Column, 2 Walls",Electromechanical,Connectors,kg,0.015169,YES,,,,,,,,,EcoInvent,"electric connector production, peripheral type buss",kg,Input
ANALOG DEVICES,AD4857BBC,analog_control,BGA-64,"8-Channel Simultaneous Sampling, 16-Bit 1 MSPS DAS",IC,Mixed-Signal,kg,,NO,7,7,1.42,,1.2,1.3,0.00001,,EcoInvent,"integrated circuit production, logic type",kg,Input
ANALOG DEVICES,AD8672ARM,analog_control,MSOP-8,Dual Operational Amplifier,IC,Analog,kg,0.00014,YES,,,,,,,,,EcoInvent,"integrated circuit production, logic type",kg,Input
ANALOG DEVICES,ADA4522-2ARMZ,analog_control,VSSOP-8,Dual Operational Amplifier,IC,Analog,kg,0.0000116,YES,3.0,3.0,0.85,,1.2,1.3,0.000002,0,EcoInvent,"integrated circuit production, logic type",kg,Input
ANALOG DEVICES,ADG1407BCP,analog_control,QFN-33,"9.5 Ω RON, 16-Channel, Differential 8-Channel iCMOS Multiplexers",IC,Analog,kg,0.00003,YES,5.0,5.0,0.8,,1.2,1.3,0.000005,0,EcoInvent,"integrated circuit production, logic type",kg,Input
ANALOG DEVICES,ADP5071ACP,digital_control,LFCSP20,2 A/1.2 A DC-to-DC Switching Regulator with Independent Positive and Negative Outputs,IC,Analog,kg,0.0000584,YES,,,,,,,,,EcoInvent,"integrated circuit production, logic type",kg,Input
ANALOG DEVICES,DG412DY+,analog_control,SOIC16,Quad SPST CMOS Analog Switches,IC,Analog,kg,,NO,10,3.9,1.75,,1.2,1.3,0.1,,EcoInvent,"integrated circuit production, logic type",kg,Input
ANALOG DEVICES,LTM4623EY,digital_control,LGA25,"4V-20V to 0.6V-5.5V, Iout 3A Step-Down DC/DC uModule Regulator",IC,Analog,kg,0.0005,YES,,,,,,,,,EcoInvent,"electronic component production, active, unspecified",kg,Input
ANALOG DEVICES,LTM8074IY,analog_control,BGA-25,"40VIN, 1.2A Silent Switcher µModule Regulator",Modules,DC/DC Converters,kg,0.001834,YES,,,,,,,,,EcoInvent,"electronic component production, active, unspecified",kg,Input
BIVAR,RLP4-200-500,digital_control,,"2-Way in One Rows, Right Angle 2.8mm Diameter LED Light Pipe",Hardware,Mounting Hardware,kg,0.00129,YES,,,,,,,,,EcoInvent,polycarbonate + injection moulding,kg,Input
BOSSARD,BN5687 Art.3061582,4Q_output_power_card,,"M2 L=6mm Hexalobular Socket Pan Head Screw, Fully Threaded, Stainless Steel A2",Hardware,Mounting hardware,kg,0.00004,YES,,,,,,,,,EcoInvent,"steel, chromium steel 18/8 + metal working, average for chromium steel product manufacturing",kg,Input
BOSSARD,BN628 Art.1241397,4Q_output_power_card,,"M2 Hexagon Nut ~0,8d, ISO 4032, DIN 934, Stainless Steel A2",Hardware,Mounting hardware,kg,0.000117,YES,,,,,,,,,EcoInvent,"steel, chromium steel 18/8 + metal working, average for chromium steel product manufacturing",kg,Input
BOSSARD,BN670 Art.1253131,4Q_output_power_card,,"Flat Washer without Chamfer for M12 Screw, DIN 125 A, Stainless Steel A2 140 HV",Hardware,Mounting hardware,kg,0.000035,YES,,,,,,,,,EcoInvent,"steel, chromium steel 18/8 + metal working, average for chromium steel product manufacturing",kg,Input
BOURNS,3224X-1-200E,analog_control,,"20Ω, 12‑turn, 4.8×3.8×2.5mm SMD Trimming Potentiometer",Passives,Resistors,kg,0.0002,YES,,,,,,,,0,EcoInvent,"electronic component, passive, unspecified",kg,Input
BOURNS,MF-SM030,"digital_control, fan_supervision_card",1206,"Surface Mount PTC Resettable Fuse, 300mA, 60V, PTS Series",Passives,Protection,kg,0.000474,YES,,,,,,,,,EcoInvent,"electronic component, passive, unspecified",kg,Input
BOURNS,SMAJ60CA,digital_control,DO214AC,Surface Mount Bi-directional Transient Voltage Suppressor Diode,Discrete Semiconductors,Small Signal,kg,0.000061,YES,,,,,,,,,EcoInvent,"diode production, glass-, for surface-mounting",kg,Input
BROADCOM,HCPL-063L-000E,digital_control,SOIC8,"Dual-Channel, High Speed LVTTL Compatible 3.3 Volt Optocoupler",IC,Optoelectronics,kg,,NO,4.9,3.9,1.75,,1.2,1.2,,,EcoInvent,"integrated circuit production, logic type",kg,Input
BROADCOM,HSMF-A203-A00J1,digital_control,,Bicolor Red/Emerald Green Surface Mount LED,Discrete Semiconductors,Optoelectronics,kg,0.000060,YES,,,,,,,,,EcoInvent,light emitting diode production,kg,Input
BUSSMANN,1A1907-06-R,4Q_output_control_card,,"Fuse Clip for 1/4"" (6.35)mm Diameter Fuses",Electromechanical,Fuse holder,kg,0.00074,YES,,,,,,,,,EcoInvent,"electronic component, passive, unspecified",kg,Input
CAEN ELS,CT-26,4Q_output_power_card,,"DC Current Transducer, 26A Primary Current O-FLUCS, CT PCB Series",Modules,Sensors,kg,0.3,YES,,,,,,,,,EcoInvent,"electronic component production, active, unspecified",kg,Input
CERN,EDA-02872-V1-3,fuse_card,,"2 Circuits In-Line - Universal MATE-N-LOK with Central Wire Pin, 7 Poles, VDE  Metalok Bantam Circular Male Connector, Mounted On 15mm M3 Spacer",Electromechanical,Connectors,kg,0.0526,YES,,,,,,,,,EcoInvent,"electric connector production, peripheral type buss",kg,Input
CERN,HCR6BFW,inverter_power_card,,HF Current transformer,Magnetics,Current sensing,kg,0.0095,YES,,,,,,,,,EcoInvent,"transformer production, low voltage use",kg,Input
CERN,HCRAPQU001-0,filter_card,,HF Common Mode Inductor,Magnetics,Inductors,KG,0.0827,YES,,,,,,,,,EcoInvent,"transformer production, low voltage use",kg,Input
DALLAS MAXIM,DS18B20,4Q_output_control_card,TO-92,Programmable Resolution 1-Wire Digital Thermometer (-55°C to +125°C),IC,Analog,kg,0.000214,YES,,,,,,,,,EcoInvent,"integrated circuit production, logic type",kg,Input
DIODES INC.,BAS70-04,digital_control,SOT23,30V Silicon Hot-Carrier Detector and Switching Diode,Discrete Semiconductors,Small Signal,kg,,NO,2.9,1.3,1,,1.2,1.3,0.0035,,EcoInvent,"diode production, glass-, for surface-mounting",kg,Input
DIODES INC.,BAT54C,digital_control,SOT23,Dual Common Cathode Small Signal Schottky Diode,Discrete Semiconductors,Small Signal,kg,,NO,2.9,1.3,1,,1.2,1.3,0.0035,,EcoInvent,"diode production, glass-, for surface-mounting",kg,Input
DIODES INC.,BZX84C4V7,digital_control,SOT23,Zener Diode,Discrete Semiconductors,Small Signal,kg,,NO,2.9,1.3,1,,1.2,1.3,0.0035,,EcoInvent,"diode production, glass-, for surface-mounting",kg,Input
DIODES INC.,DFLS230,digital_control,SOD123FL,Schottky Barrier Rectifier,Discrete Semiconductors,Power,kg,0.000018,YES,,,,,,,,,EcoInvent,"diode production, glass-, for surface-mounting",kg,Input
DIODES INC.,SS16,analog_control,DO-214AC,60V 1A Surface Mount Schottky Rectifier,Discrete Semiconductors,Small signal,kg,0.00012,YES,,,,,,,,,EcoInvent,"diode production, glass-, for surface-mounting",kg,Input
EPCOS,B82442H1103K,analog_control,2220,"100µH, ±10%, 2220 SMD Inductor",Passives,Inductors,kg,0.00048,YES,,,,,,,,0,EcoInvent,"inductor production, ring core choke type",kg,Input
EPCOS / TDK,B72220S0511K101 or S20K510,contactor_card,,±10% 510VAC 1W SIOV Metal Oxide Varistor,Passives,Resistors,kg,0.005948,YES,,,,,,,,,EcoInvent,"resistor production, wirewound, through-hole mounting",kg,Input
FAIRCHILD SEMICONDUCTOR,ES1D,4Q_output_control_card,DO-214AC,200V 1A Fast Rectifier,Discrete Semiconductors,Small signal,kg,0.00012,YES,,,,,,,,,EcoInvent,"diode production, glass-, for surface-mounting",kg,Input
FAIRCHILD SEMICONDUCTOR,LM7815CT,4Q_output_control_card,TO-220,"""3-Terminal 15V 1A Positive Voltage Regulatorr""",IC,Analog,kg,,NO,10.67,4.7,16.3,,1.2,1.3,1.3,,EcoInvent,"integrated circuit production, logic type",kg,Input
FAIRCHILD SEMICONDUCTOR,LM7915CT,4Q_output_control_card,TO-220,3-Terminal 15V 1A Negative Voltage Regulator,IC,Analog,kg,,NO,10.67,4.7,16.3,,1.2,1.3,1.3,,EcoInvent,"integrated circuit production, logic type",kg,Input
FISCHER ELEKTRONIK,FFK 242 SA 220 O,4Q_power_card,,TO-220 Heat Sink Rth: 26°C/W,Hardware,Thermal Management,kg,0.001398,YES,,,,,,,,,EcoInvent,"aluminium, primary, cast alloy slab from continuous casting + metal working, average for aluminium product manufacturing",kg,Input
FISCHER ELEKTRONIK,FK 242 SA 220 O,4Q_output_control_card,,TO-220 Heat Sink Rth: 26°C/W,Hardware,Thermal Management,kg,0.001398,YES,,,,,,,,,EcoInvent,"aluminium, primary, cast alloy slab from continuous casting+metal working, average for aluminium product manufacturing",kg,Input
FISCHER ELEKTRONIK,FK 245 MI 247 O,contactor_card,,"TO-247 Heat Sink Rth: 20.2°C/W, Vertical Mount",Hardware,Thermal Management,kg,0.005,YES,,,,,,,,,EcoInvent,"copper, cathode + metal working, average for copper product manufacturing",kg,Input
FTDI,FT4232H-56Q,digital_control,,Quad High Speed USB to Multipurpose UART/MPSSE IC,IC,Logic / Mixed-Signal,kg,0.000369,YES,,,,,,,,,EcoInvent,"integrated circuit production, logic type",kg,Input
GENERIC,CC0402_1.5NF_50V_5%_C0G,analog_control,0402,1.5nF ±5% 50V C0G SMD Multilayer Chip Ceramic Capacitor,Passives,Capacitors,kg,,NO,1.0,0.5,0.5,,6,7,0,0,EcoInvent,"capacitor production, for surface-mounting",kg,Input
GENERIC,CC0402_100NF_50V_10%_X7R,"analog_control, digital_control",0402,"SMD Multilayer Chip Ceramic Capacitor, 100nF, 50V, X7R, 0402",Passives,Capacitors,kg,,NO,1.0,0.5,0.5,,6,7,0,,EcoInvent,"capacitor production, for surface-mounting",kg,Input
GENERIC,CC0402_100PF_25V_1%_C0G,analog_control,0402,100pF ±1% 25V C0G SMD Multilayer Chip Ceramic Capacitor,Passives,Capacitors,kg,,NO,1.0,0.5,0.5,,6,7,0,0,EcoInvent,"capacitor production, for surface-mounting",kg,Input
GENERIC,CC0402_100PF_50V_5%_C0G,digital_control,0402,"SMD Multilayer Chip Ceramic Capacitor, 100pF, 50V, C0G, 0402",Passives,Capacitors,kg,,NO,1.0,0.5,0.5,,6,7,0,,EcoInvent,"capacitor production, for surface-mounting",kg,Input
GENERIC,CC0402_10NF_25V_10%_X7R,digital_control,0402,"SMD Multilayer Chip Ceramic Capacitor, 10nF, 25V, X7R, 0402",Passives,Capacitors,kg,,NO,1.0,0.5,0.5,,6,7,0,,EcoInvent,"capacitor production, for surface-mounting",kg,Input
GENERIC,CC0402_10PF_50V_5%_C0G,analog_control,0402,10pF ±5% 50V C0G SMD Multilayer Chip Ceramic Capacitor,Passives,Capacitors,kg,,NO,1.0,0.5,0.5,,6,7,0,0,EcoInvent,"capacitor production, for surface-mounting",kg,Input
GENERIC,CC0402_10UF_6.3V_20%_X5R,digital_control,0402,"SMD Multilayer Chip Ceramic Capacitor, 10µF, 6.3V, X5R, 0402",Passives,Capacitors,kg,,NO,1.0,0.5,0.5,,6,7,0,,EcoInvent,"capacitor production, for surface-mounting",kg,Input
GENERIC,CC0402_15NF_50V_5%_X7R,digital_control,0402,"SMD Multilayer Chip Ceramic Capacitor, 15nF, 50V, X7R, 0402",Passives,Capacitors,kg,,NO,1.0,0.5,0.5,,6,7,0,,EcoInvent,"capacitor production, for surface-mounting",kg,Input
GENERIC,CC0402_1NF_50V_5%_C0G,analog_control,0402,1nF ±5% 50V C0G SMD Multilayer Chip Ceramic Capacitor,Passives,Capacitors,kg,,NO,1.0,0.5,0.5,,6,7,0,0,EcoInvent,"capacitor production, for surface-mounting",kg,Input
GENERIC,CC0402_1UF_25V_10%_X5R,analog_control,0402,"SMD Multilayer Chip Ceramic Capacitor, 10µF, 6.3V, X5R, 0402",Passives,Capacitors,kg,,NO,1.0,0.5,0.5,,6,7,0,,EcoInvent,"capacitor production, for surface-mounting",kg,Input
GENERIC,CC0402_220PF_50V_5%_C0G,analog_control,0402,220pF ±5% 50V C0G SMD Multilayer Chip Ceramic Capacitor,Passives,Capacitors,kg,,NO,1.0,0.5,0.5,,6,7,0,0,EcoInvent,"capacitor production, for surface-mounting",kg,Input
GENERIC,CC0402_22PF_50V_5%_C0G,digital_control,0402,"SMD Multilayer Chip Ceramic Capacitor, 22pF, 50V, C0G, 0402",Passives,Capacitors,kg,,NO,1.0,0.5,0.5,,6,7,0,,EcoInvent,"capacitor production, for surface-mounting",kg,Input
GENERIC,CC0402_330PF_50V_5%_C0G,analog_control,0402,330pF ±5% 50V C0G SMD Multilayer Chip Ceramic Capacitor,Passives,Capacitors,kg,,NO,1.0,0.5,0.5,,6,7,0,0,EcoInvent,"capacitor production, for surface-mounting",kg,Input
GENERIC,CC0402_33PF_50V_5%_C0G,"analog_control, digital_control",0402,33pF ±5% 50V C0G SMD Multilayer Chip Ceramic Capacitor,Passives,Capacitors,kg,,NO,1.0,0.5,0.5,,6,7,0,0,EcoInvent,"capacitor production, for surface-mounting",kg,Input
GENERIC,CC0402_33PF_50V_5%_C0G,"analog_control, digital_control",0402,"SMD Multilayer Chip Ceramic Capacitor, 33pF, 50V, C0G, 0402",Passives,Capacitors,kg,,NO,1.0,0.5,0.5,,6,7,0,,EcoInvent,"capacitor production, for surface-mounting",kg,Input
GENERIC,CC0402_4.7UF_6.3V_20%_X5R,digital_control,0402,"SMD Multilayer Chip Ceramic Capacitor, 4.7µF, 6.3V, X5R, 0402",Passives,Capacitors,kg,,NO,1.0,0.5,0.5,,6,7,0,,EcoInvent,"capacitor production, for surface-mounting",kg,Input
GENERIC,CC0402_470NF_50V_10%_X5R,digital_control,0402,"SMD Multilayer Chip Ceramic Capacitor, 470nF, 50V, X5R, 0402",Passives,Capacitors,kg,,NO,1.0,0.5,0.5,,6,7,0,,EcoInvent,"capacitor production, for surface-mounting",kg,Input
GENERIC,CC0402_47PF_50V_5%_C0G,"analog_control, digital_control",0402,47pF ±5% 50V C0G SMD Multilayer Chip Ceramic Capacitor,Passives,Capacitors,kg,,NO,1.0,0.5,0.5,,6,7,0,0,EcoInvent,"capacitor production, for surface-mounting",kg,Input
GENERIC,CC0402_47PF_50V_5%_C0G,"analog_control, digital_control",0402,"SMD Multilayer Chip Ceramic Capacitor, 47pF, 50V, C0G, 0402",Passives,Capacitors,kg,,NO,1.0,0.5,0.5,,6,7,0,,EcoInvent,"capacitor production, for surface-mounting",kg,Input
GENERIC,CC0402_680PF_50V_1%_C0G,analog_control,0402,680pF ±1% 50V C0G SMD Multilayer Chip Ceramic Capacitor,Passives,Capacitors,kg,,NO,1.0,0.5,0.5,,6,7,0,0,EcoInvent,"capacitor production, for surface-mounting",kg,Input
GENERIC,CC0402_NO-VALUE,digital_control,0402,Reserved Footprint For 0402(1005) Chip Ceramic Capacitor,Passives,Capacitors,kg,,NO,1.0,0.5,0.5,,6,7,0,,EcoInvent,"capacitor production, for surface-mounting",kg,Input
GENERIC,CC0603_100NF_50V_10%_X7R,digital_control,0603,"SMD Multilayer Chip Ceramic Capacitor, 100nF, 50V, X7R, 0603",Passives,Capacitors,kg,,NO,1.6,0.8,0.8,,6,7,0,,EcoInvent,"capacitor production, for surface-mounting",kg,Input
GENERIC,CC0603_10NF_50V_5%_C0G,analog_control,0603,10nF ±5% 50V C0G SMD Multilayer Chip Ceramic Capacitor,Passives,Capacitors,kg,,NO,1.6,0.8,0.8,,6,7,0,0,EcoInvent,"capacitor production, for surface-mounting",kg,Input
GENERIC,CC0603_22UF_10V_20%_X5R,digital_control,0603,"SMD Multilayer Chip Ceramic Capacitor, 22µF, 10V, X5R, 0603",Passives,Capacitors,kg,,NO,1.6,0.8,0.8,,6,7,0,,EcoInvent,"capacitor production, for surface-mounting",kg,Input
GENERIC,CC0603_4.7NF_50V_5%_C0G,analog_control,0603,"SMD Multilayer Chip Ceramic Capacitor, 4.7NF_50V_5%, 0603",Passives,Capacitors,kg,,NO,1.6,0.8,0.8,,6,7,0,,EcoInvent,"capacitor production, for surface-mounting",kg,Input
GENERIC,CC0805_100NF_50V_1%_NP0,analog_control,0805,100nF ±1% 50V NP0 SMD Multilayer Chip Ceramic Capacitor,Passives,Capacitors,kg,,NO,2.0,1.25,0.8,,6,7,0,0,EcoInvent,"capacitor production, for surface-mounting",kg,Input
GENERIC,CC0805_100NF_50V_10%_X7R,digital_control,0805,"SMD Multilayer Chip Ceramic Capacitor, 100nF, 50V, X7R, 0805",Passives,Capacitors,kg,,NO,2.0,1.25,0.8,,6,7,0,,EcoInvent,"capacitor production, for surface-mounting",kg,Input
GENERIC,CC0805_10UF_25V_10%_X5R,analog_control,0805,"SMD Multilayer Chip Ceramic Capacitor, 100nF, 25V, X7R, 0805",Passives,Capacitors,kg,,NO,2.0,1.25,0.8,,6,7,0,,EcoInvent,"capacitor production, for surface-mounting",kg,Input
GENERIC,CC0805_1UF_100V_10%_X7S,digital_control,0805,"SMD Multilayer Chip Ceramic Capacitor, 1µF, 100V, X7S, 0805",Passives,Capacitors,kg,,NO,2.0,1.25,0.8,,6,7,0,,EcoInvent,"capacitor production, for surface-mounting",kg,Input
GENERIC,CC1206_100NF_200V_10%_X7R,4Q_power_card,1206,±10% 200V X7R SMD Ceramic Chip Capacitor,Passives,Capacitors,kg,,NO,3.2,1.6,1.7,,6,7,0,,EcoInvent,"capacitor production, for surface-mounting",kg,Input
GENERIC,CC1206_100NF_50V_10%_X7R,"4Q_output_control_card, 4Q_power_card, contactor_card, fan_supervision_card, inverter_power_card",1206,±10% 50V X7R SMD Multilayer Chip Ceramic Capacitor,Passives,Capacitors,kg,,NO,3.2,1.6,1.7,,6,7,0,,EcoInvent,"capacitor production, for surface-mounting",kg,Input
GENERIC,CC1206_100PF_50V_5%_NP0,"4Q_output_control_card, contactor_card",1206,±5% 50V C0G/NP0 SMD Multilayer Chip Ceramic Capacitor,Passives,Capacitors,kg,,NO,3.2,1.6,1.7,,6,7,0,,EcoInvent,"capacitor production, for surface-mounting",kg,Input
GENERIC,CC1206_10NF_50V_10%_X7R,"4Q_output_control_card, contactor_card",1206,±10% 50V X7R SMD Multilayer Chip Ceramic Capacitor,Passives,Capacitors,kg,,NO,3.2,1.6,1.7,,6,7,0,,EcoInvent,"capacitor production, for surface-mounting",kg,Input
GENERIC,CC1206_1NF_50V_10%_X7R,"4Q_output_control_card, 4Q_power_card, contactor_card, fan_supervision_card, inverter_power_card",1206,"±10%
 50V X7R SMD Multilayer Chip Ceramic Capacitor",Passives,Capacitors,kg,,NO,3.2,1.6,1.7,,6,7,0,,EcoInvent,"capacitor production, for surface-mounting",kg,Input
GENERIC,CC1206_1UF_50V_10%_X7R,"4Q_output_control_card, 4Q_power_card",1206,±10% 50V X7R SMD Multilayer Chip Ceramic Capacitor,Passives,Capacitors,kg,,NO,3.2,1.6,1.7,,6,7,0,,EcoInvent,"capacitor production, for surface-mounting",kg,Input
Generic,CC1206_220PF_50V_5%_NP0,inverter_power_card,1206,"220 pF, ±5%, 50V, C0G/NP0, 1206",Passives,Capacitors,kg,,NO,3.2,1.6,1.7,,6,7,0,,EcoInvent,"capacitor production, for surface-mounting",kg,Input
GENERIC,CC1210_10UF_75V_10%_X7R,digital_control,1210,"SMD Multilayer Chip Ceramic Capacitor, 10µF, 75V, X7R, 1210",Passives,Capacitors,kg,,NO,3.18,2.41,1.4,,6,7,0,,EcoInvent,"capacitor production, for surface-mounting",kg,Input
GENERIC,CC1210_47UF_10V_10%_X7R,analog_control,1210,47µF ±10% 10V X7R SMD Multilayer Chip Ceramic Capacitor,Passives,Capacitors,kg,,NO,3.2,2.5,2.5,,6,7,0,0,EcoInvent,"capacitor production, for surface-mounting",kg,Input
GENERIC,CC1210_47UF_16V_10%_X5R,digital_control,1210,"SMD Multilayer Chip Ceramic Capacitor, 47µF, 16V, X5R, 1210",Passives,Capacitors,kg,,NO,3.18,2.41,1.4,,6,7,0,,EcoInvent,"capacitor production, for surface-mounting",kg,Input
GENERIC,CC1808_1NF_3000V_10%_X7R,digital_control,1808,"SMD Multilayer Chip Ceramic Capacitor, 1nF, 3000V, X7R, 1808",Passives,Capacitors,kg,,NO,4.5,2.0,1.6,,6,7,0,,EcoInvent,"capacitor production, for surface-mounting",kg,Input
GENERIC,CTE6032-28_22UF_25V_10%_LESR0250,digital_control,C,"Low ESR 0R25 Solid Tantalum Chip Capacitor, 22µF, 25V, 6032",Passives,Capacitors,kg,0.0003,YES,,,,,,,,,EcoInvent,"capacitor production, electrolyte type, < 2cm height",kg,Input
GENERIC,CTE7343-43_100UF_25V_10%_LESR0150,analog_control,E,100µF ±10% 25V Low ESR Solid Tantalum Chip Capacitor,Passives,Capacitors,kg,,NO,7.3,4.3,4.1,,5,6,0,0,EcoInvent,"capacitor production, electrolyte type, < 2cm height",kg,Input
GENERIC,CTE7343-43_10UF_35V_10%_LESR0200,"4Q_output_control_card, 4Q_power_card",E,±10% 35V Low ESR 0R2 Solid Tantalum Chip Capacitor,Passives,Capacitors,kg,,NO,7.3,4.3,4.1,,5,6,0,,EcoInvent,"capacitor production, electrolyte type, < 2cm height",kg,Input
Generic,CTE7343-43_10UF_35V_10%_LESR0200E,inverter_power_card,E,"10 µF, ±10%, 35V, Low ESR, Tantalum chip (7343 E)",Passives,Capacitors,kg,,NO,7.3,4.3,4.1,,5,6,0,,EcoInvent,"capacitor production, electrolyte type, < 2cm height",kg,Input
GENERIC,R0402_0R_JUMPER,"analog_control, digital_control",0402,0Ω Zero Ohm Jumper,Passives,Resistors,kg,,NO,1.0,0.5,0.35,,3,4,0.0002,0,EcoInvent,"resistor production, surface-mounted",kg,Input
GENERIC,R0402_100R_1%_0.0625W_100PPM,digital_control,0402,General Purpose Thick Film Chip Resistor,Passives,Resistors,kg,,NO,1.0,0.5,0.35,,3,4,0.0002,0,EcoInvent,"resistor production, surface-mounted",kg,Input
GENERIC,R0402_10K_0.1%_0.0625W_25PPM,digital_control,0402,Precision Surface Mount Resistor,Passives,Resistors,kg,,NO,1.0,0.5,0.35,,3,4,0.0002,0,EcoInvent,"resistor production, surface-mounted",kg,Input
GENERIC,R0402_10K_1%_0.0625W_100PPM,"analog_control, digital_control",0402,10kΩ ±1% 0.0625W 100ppm/°C Thick Film Chip Resistor,Passives,Resistors,kg,,NO,1.0,0.5,0.35,,3,4,0.0002,0,EcoInvent,"resistor production, surface-mounted",kg,Input
GENERIC,R0402_110K_1%_0.0625W_100PPM,digital_control,0402,General Purpose Thick Film Chip Resistor,Passives,Resistors,kg,,NO,1.0,0.5,0.35,,3,4,0.0002,0,EcoInvent,"resistor production, surface-mounted",kg,Input
GENERIC,R0402_11K_1%_0.0625W_100PPM,analog_control,0402,11kΩ ±1% 0.0625W 100ppm/°C Thick Film Chip Resistor,Passives,Resistors,kg,,NO,1.0,0.5,0.35,,3,4,0.0002,0,EcoInvent,"resistor production, surface-mounted",kg,Input
GENERIC,R0402_120K_1%_0.0625W_100PPM,analog_control,0402,120kΩ ±1% 0.0625W 100ppm/°C Thick Film Chip Resistor,Passives,Resistors,kg,,NO,1.0,0.5,0.35,,3,4,0.0002,0,EcoInvent,"resistor production, surface-mounted",kg,Input
GENERIC,R0402_12K_1%_0.0625W_100PPM,digital_control,0402,General Purpose Thick Film Chip Resistor,Passives,Resistors,kg,,NO,1.0,0.5,0.35,,3,4,0.0002,0,EcoInvent,"resistor production, surface-mounted",kg,Input
GENERIC,R0402_13K3_1%_0.0625W_100PPM,digital_control,0402,General Purpose Thick Film Chip Resistor,Passives,Resistors,kg,,NO,1.0,0.5,0.35,,3,4,0.0002,0,EcoInvent,"resistor production, surface-mounted",kg,Input
GENERIC,R0402_13K_1%_0.0625W_100PPM,digital_control,0402,General Purpose Thick Film Chip Resistor,Passives,Resistors,kg,,NO,1.0,0.5,0.35,,3,4,0.0002,0,EcoInvent,"resistor production, surface-mounted",kg,Input
GENERIC,R0402_15K_1%_0.0625W_100PPM,digital_control,0402,General Purpose Thick Film Chip Resistor,Passives,Resistors,kg,,NO,1.0,0.5,0.35,,3,4,0.0002,0,EcoInvent,"resistor production, surface-mounted",kg,Input
GENERIC,R0402_162K_1%_0.063W_100PPM,digital_control,0402,General Purpose Thick Film Chip Resistor,Passives,Resistors,kg,,NO,1.0,0.5,0.35,,3,4,0.0002,0,EcoInvent,"resistor production, surface-mounted",kg,Input
GENERIC,R0402_180K_1%_0.0625W_100PPM,analog_control,0402,180kΩ ±1% 0.0625W 100ppm/°C Thick Film Chip Resistor,Passives,Resistors,kg,,NO,1.0,0.5,0.35,,3,4,0.0002,0,EcoInvent,"resistor production, surface-mounted",kg,Input
GENERIC,R0402_1K5_1%_0.0625W_100PPM,analog_control,0402,1.5kΩ ±1% 0.0625W 100ppm/°C Thick Film Chip Resistor,Passives,Resistors,kg,,NO,1.0,0.5,0.35,,3,4,0.0002,0,EcoInvent,"resistor production, surface-mounted",kg,Input
GENERIC,R0402_1K_1%_0.0625W_100PPM,digital_control,0402,General Purpose Thick Film Chip Resistor,Passives,Resistors,kg,,NO,1.0,0.5,0.35,,3,4,0.0002,0,EcoInvent,"resistor production, surface-mounted",kg,Input
GENERIC,R0402_1M_1%_0.0625W_100PPM,analog_control,0402,1MΩ ±1% 0.0625W 100ppm/°C Thick Film Chip Resistor,Passives,Resistors,kg,,NO,1.0,0.5,0.35,,3,4,0.0002,0,EcoInvent,"resistor production, surface-mounted",kg,Input
GENERIC,R0402_200K_1%_0.0625W_100PPM,digital_control,0402,General Purpose Thick Film Chip Resistor,Passives,Resistors,kg,,NO,1.0,0.5,0.35,,3,4,0.0002,0,EcoInvent,"resistor production, surface-mounted",kg,Input
GENERIC,R0402_220K_1%_0.0625W_100PPM,digital_control,0402,General Purpose Thick Film Chip Resistor,Passives,Resistors,kg,,NO,1.0,0.5,0.35,,3,4,0.0002,0,EcoInvent,"resistor production, surface-mounted",kg,Input
GENERIC,R0402_220R_1%_0.0625W_100PPM,analog_control,0402,220Ω ±1% 0.0625W 100ppm/°C Thick Film Chip Resistor,Passives,Resistors,kg,,NO,1.0,0.5,0.35,,3,4,0.0002,0,EcoInvent,"resistor production, surface-mounted",kg,Input
GENERIC,R0402_22R_1%_0.0625W_100PPM,digital_control,0402,General Purpose Thick Film Chip Resistor,Passives,Resistors,kg,,NO,1.0,0.5,0.35,,3,4,0.0002,0,EcoInvent,"resistor production, surface-mounted",kg,Input
GENERIC,R0402_240K_1%_0.0625W_100PPM,analog_control,0402,240kΩ ±1% 0.0625W 100ppm/°C Thick Film Chip Resistor,Passives,Resistors,kg,,NO,1.0,0.5,0.35,,3,4,0.0002,0,EcoInvent,"resistor production, surface-mounted",kg,Input
GENERIC,R0402_2K2_1%_0.0625W_100PPM,digital_control,0402,General Purpose Thick Film Chip Resistor,Passives,Resistors,kg,,NO,1.0,0.5,0.35,,3,4,0.0002,0,EcoInvent,"resistor production, surface-mounted",kg,Input
GENERIC,R0402_300K_1%_0.0625W_100PPM,digital_control,0402,General Purpose Thick Film Chip Resistor,Passives,Resistors,kg,,NO,1.0,0.5,0.35,,3,4,0.0002,0,EcoInvent,"resistor production, surface-mounted",kg,Input
GENERIC,R0402_30K_1%_0.0625W_100PPM,"analog_control, digital_control",0402,30kΩ ±1% 0.0625W 100ppm/°C Thick Film Chip Resistor,Passives,Resistors,kg,,NO,1.0,0.5,0.35,,3,4,0.0002,0,EcoInvent,"resistor production, surface-mounted",kg,Input
GENERIC,R0402_31K6_0.1%_0.063W_25PPM,analog_control,0402,31.6kΩ ±0.1% 0.063W 25ppm/°C Thin Film Chip Resistor,Passives,Resistors,kg,,NO,1.0,0.5,0.35,,3,4,0.0002,0,EcoInvent,"resistor production, surface-mounted",kg,Input
GENERIC,R0402_330R_1%_0.0625W_100PPM,digital_control,0402,General Purpose Thick Film Chip Resistor,Passives,Resistors,kg,,NO,1.0,0.5,0.35,,3,4,0.0002,0,EcoInvent,"resistor production, surface-mounted",kg,Input
GENERIC,R0402_33K_1%_0.0625W_100PPM,analog_control,0402,33kΩ ±1% 0.0625W 100ppm/°C Thick Film Chip Resistor,Passives,Resistors,kg,,NO,1.0,0.5,0.35,,3,4,0.0002,0,EcoInvent,"resistor production, surface-mounted",kg,Input
GENERIC,R0402_40K2_1%_0.0625W_100PPM,digital_control,0402,General Purpose Thick Film Chip Resistor,Passives,Resistors,kg,,NO,1.0,0.5,0.35,,3,4,0.0002,0,EcoInvent,"resistor production, surface-mounted",kg,Input
GENERIC,R0402_430R_1%_0.0625W_100PPM,digital_control,0402,General Purpose Thick Film Chip Resistor,Passives,Resistors,kg,,NO,1.0,0.5,0.35,,3,4,0.0002,0,EcoInvent,"resistor production, surface-mounted",kg,Input
GENERIC,R0402_43K_1%_0.0625W_100PPM,digital_control,0402,General Purpose Thick Film Chip Resistor,Passives,Resistors,kg,,NO,1.0,0.5,0.35,,3,4,0.0002,0,EcoInvent,"resistor production, surface-mounted",kg,Input
GENERIC,R0402_470R_1%_0.0625W_100PPM,"analog_control, digital_control",0402,470Ω ±1% 0.0625W 100ppm/°C Thick Film Chip Resistor,Passives,Resistors,kg,,NO,1.0,0.5,0.35,,3,4,0.0002,0,EcoInvent,"resistor production, surface-mounted",kg,Input
GENERIC,R0402_4K7_1%_0.0625W_100PPM,digital_control,0402,General Purpose Thick Film Chip Resistor,Passives,Resistors,kg,,NO,1.0,0.5,0.35,,3,4,0.0002,0,EcoInvent,"resistor production, surface-mounted",kg,Input
GENERIC,R0402_51K_1%_0.0625W_100PPM,analog_control,0402,51kΩ ±1% 0.0625W 100ppm/°C Thick Film Chip Resistor,Passives,Resistors,kg,,NO,1.0,0.5,0.35,,3,4,0.0002,0,EcoInvent,"resistor production, surface-mounted",kg,Input
GENERIC,R0402_51R_1%_0.0625W_100PPM,analog_control,0402,51Ω ±1% 0.0625W 100ppm/°C Thick Film Chip Resistor,Passives,Resistors,kg,,NO,1.0,0.5,0.35,,3,4,0.0002,0,EcoInvent,"resistor production, surface-mounted",kg,Input
GENERIC,R0402_56R_1%_0.0625W_100PPM,digital_control,0402,"General Purpose Thick Film Chip Resistor, 56Ω, 1%, 0.0625W",Passives,Resistors,kg,,NO,1.0,0.5,0.35,,3,4,0.0002,0,EcoInvent,"resistor production, surface-mounted",kg,Input
GENERIC,R0402_5K1_0.1%_0.0625W_25PPM,digital_control,0402,Thin Film Chip Resistor,Passives,Resistors,kg,,NO,1.0,0.5,0.35,,3,4,0.0002,0,EcoInvent,"resistor production, surface-mounted",kg,Input
GENERIC,R0402_60K4_1%_0.063W_100PPM,analog_control,0402,60.4kΩ ±1% 0.063W 100ppm/°C Thick Film Chip Resistor,Passives,Resistors,kg,,NO,1.0,0.5,0.35,,3,4,0.0002,0,EcoInvent,"resistor production, surface-mounted",kg,Input
GENERIC,R0402_620K_1%_0.0625W_100PPM,digital_control,0402,General Purpose Thick Film Chip Resistor,Passives,Resistors,kg,,NO,1.0,0.5,0.35,,3,4,0.0002,0,EcoInvent,"resistor production, surface-mounted",kg,Input
GENERIC,R0402_820R_1%_0.0625W_100PPM,analog_control,0402,820Ω ±1% 0.0625W 100ppm/°C Thick Film Chip Resistor,Passives,Resistors,kg,,NO,1.0,0.5,0.35,,3,4,0.0002,0,EcoInvent,"resistor production, surface-mounted",kg,Input
GENERIC,R0402_82K_1%_0.0625W_100PPM,digital_control,0402,General Purpose Thick Film Chip Resistor,Passives,Resistors,kg,,NO,1.0,0.5,0.35,,3,4,0.0002,0,EcoInvent,"resistor production, surface-mounted",kg,Input
GENERIC,R0402_8R2_1%_0.0625W_200PPM,"analog_control, digital_control",0402,8.2Ω ±1% 0.0625W 200ppm/°C Thick Film Chip Resistor,Passives,Resistors,kg,,NO,1.0,0.5,0.35,,3,4,0.0002,0,EcoInvent,"resistor production, surface-mounted",kg,Input
GENERIC,R0402_9K1_1%_0.0625W_100PPM,digital_control,0402,General Purpose Thick Film Chip Resistor,Passives,Resistors,kg,,NO,1.0,0.5,0.35,,3,4,0.0002,0,EcoInvent,"resistor production, surface-mounted",kg,Input
GENERIC,R0402_NO-VALUE,digital_control,0402,Reserved Footprint For a 0402 (1005) Chip Resistor,Passives,Resistors,kg,,NO,1.0,0.5,0.35,,3,4,0.0002,0,EcoInvent,"resistor production, surface-mounted",kg,Input
GENERIC,R0603_10R_0.1%_0.063W_10PPM,analog_control,0603,10Ω ±0.1% 0.063W 10ppm/°C Thin Film Chip Resistor,Passives,Resistors,kg,,NO,1.6,0.8,0.8,,6,7,0,,EcoInvent,"resistor production, surface-mounted",kg,Input
GENERIC,R0603_1K_0.1%_0.1W_25PPM,analog_control,0603,1kΩ ±0.1% 0.1W 25ppm/°C Thin Film Chip Resistor,Passives,Resistors,kg,,NO,1.6,0.8,0.8,,6,7,0,,EcoInvent,"resistor production, surface-mounted",kg,Input
GENERIC,R0603_1M_0.1%_0.063W_25PPM,analog_control,0603,1MΩ ±0.1% 0.063W 25ppm/°C Thin Film Chip Resistor,Passives,Resistors,kg,,NO,1.6,0.8,0.8,,6,7,0,,EcoInvent,"resistor production, surface-mounted",kg,Input
GENERIC,R0603_20R_0.1%_0.063W_10PPM,analog_control,0603,20Ω ±0.1% 0.063W 10ppm/°C Thin Film Chip Resistor,Passives,Resistors,kg,,NO,1.6,0.8,0.8,,6,7,0,,EcoInvent,"resistor production, surface-mounted",kg,Input
GENERIC,R0603_220R_0.1%_0.1W_25PPM,analog_control,0603,220Ω ±0.1% 0.1W 25ppm/°C Thin Film Chip Resistor,Passives,Resistors,kg,,NO,1.6,0.8,0.8,,6,7,0,,EcoInvent,"resistor production, surface-mounted",kg,Input
GENERIC,R0603_5R1_0.1%_0.063W_25PPM,analog_control,0603,5.1Ω ±0.1% 0.063W 25ppm/°C Thin Film Chip Resistor,Passives,Resistors,kg,,NO,1.6,0.8,0.8,,6,7,0,,EcoInvent,"resistor production, surface-mounted",kg,Input
GENERIC,R0805_0R05_1%_0.25W_300PPM,"analog_control, digital_control",0805,0.05Ω ±1% 0.25W 300ppm/°C Low Resistance Chip Resistor,Passives,Resistors,kg,,NO,2,1.25,0.5,,6,7,0,,EcoInvent,"resistor production, surface-mounted",kg,Input
GENERIC,R0805_0R05_1%_0.25W_300PPM,"analog_control, digital_control",0805,Low Resistance Thick Film Chip Resistor,Passives,Resistors,kg,,NO,2,1.25,0.5,,3,4,0.0002,0,EcoInvent,"resistor production, surface-mounted",kg,Input
GENERIC,R0805_10K_0.1%_0.125W_25PPM,digital_control,0805,Thin Film Chip Resistor,Passives,Resistors,kg,,NO,2.0,1.25,0.5,,3,4,0.001,0,EcoInvent,"resistor production, surface-mounted",kg,Input
GENERIC,R0805_10M_1%_0.125W_100PPM,analog_control,0805,10MΩ ±1% 0.125W 100ppm/°C Thick Film Chip Resistor,Passives,Resistors,kg,,NO,2.0,1.25,0.5,,3,4,0.000001,0,EcoInvent,"resistor production, surface-mounted",kg,Input
GENERIC,R0805_1K_1%_0.125W_100PPM,digital_control,0805,General Purpose Thick Film Chip Resistor,Passives,Resistors,kg,,NO,2,1.25,0.5,,3,4,0.0002,0,EcoInvent,"resistor production, surface-mounted",kg,Input
GENERIC,R0805_1M_1%_0.125W_100PPM,digital_control,0805,General Purpose Thick Film Chip Resistor,Passives,Resistors,kg,,NO,2,1.25,0.5,,3,4,0.0002,0,EcoInvent,"resistor production, surface-mounted",kg,Input
GENERIC,R0805_1R1_1%_0.125W_200PPM,digital_control,0805,General Purpose Thick Film Chip Resistor,Passives,Resistors,kg,,NO,2.0,1.25,0.5,,3,4,0.001,0,EcoInvent,"resistor production, surface-mounted",kg,Input
GENERIC,R1206_0R01_1%_1W_100PPM,analog_control,1206,0.01Ω ±1% 1W 100ppm/°C Current Sense Chip Resistor,Passives,Resistors,kg,,NO,3.2,1.6,0.55,,3,4,0.003,0,EcoInvent,"resistor production, surface-mounted",kg,Input
Generic,R1206_0R_JUMPER,4Q_output_control_card,1206,2A (0.05R Max DC Resistance) Zero Ohm Jumper,Passives,Resistors,kg,,NO,3.2,1.6,0.55,,3,4,0.003,,EcoInvent,"resistor production, surface-mounted",kg,Input
Generic,R1206_100K_1%_0.25W_100PPM,"4Q_output_control_card, 4Q_power_card, contactor_card",1206,±1% 0.25W ±100ppm/°C General Purpose Thick Film Chip Resistor,Passives,Resistors,kg,,NO,3.2,1.6,0.55,,3,4,0.003,,EcoInvent,"resistor production, surface-mounted",kg,Input
Generic,R1206_100R_1%_0.25W_100PPM,"4Q_output_control_card, 4Q_power_card, contactor_card, inverter_power_card",1206,±1% 0.25W ±100ppm/°C General Purpose Thick Film Chip Resistor,Passives,Resistors,kg,,NO,3.2,1.6,0.55,,3,4,0.003,,EcoInvent,"resistor production, surface-mounted",kg,Input
Generic,R1206_10K_1%_0.25W_100PPM,"4Q_output_control_card, 4Q_power_card, contactor_card, fan_supervision_card, inverter_power_card",1206,±1% 0.25W ±100ppm/°C General Purpose Thick Film Chip Resistor,Passives,Resistors,kg,,NO,3.2,1.6,0.55,,3,4,0.003,,EcoInvent,"resistor production, surface-mounted",kg,Input
Generic,R1206_10R_1%_0.25W_200PPM,"4Q_output_control_card, 4Q_power_card, fan_supervision_card, inverter_power_card",1206,±1% 0.25W ±200ppm/°C General Purpose Thick Film Chip Resistor,Passives,Resistors,kg,,NO,3.2,1.6,0.55,,3,4,0.003,,EcoInvent,"resistor production, surface-mounted",kg,Input
Generic,R1206_1K_1%_0.25W_100PPM,"4Q_output_control_card, 4Q_power_card, contactor_card, inverter_power_card",1206,±1% 0.25W ±100ppm/°C General Purpose Thick Film Chip Resistor,Passives,Resistors,kg,,NO,3.2,1.6,0.55,,3,4,0.003,,EcoInvent,"resistor production, surface-mounted",kg,Input
GENERIC,R1206_1R_1%_0.25W_200PPM,4Q_power_card,1206,±1% 0.25W ±200ppm/°C General Purpose Thick Film Chip Resistor,Passives,Resistors,kg,,NO,3.2,1.6,0.55,,3,4,0.003,,EcoInvent,"resistor production, surface-mounted",kg,Input
GENERIC,R1206_20K_1%_0.25W_100PPM,4Q_power_card,1206,±1% 0.25W ±100ppm/°C General Purpose Thick Film Chip Resistor,Passives,Resistors,kg,,NO,3.2,1.6,0.55,,3,4,0.003,,EcoInvent,"resistor production, surface-mounted",kg,Input
Generic,R1206_20R_1%_0.25W_100PPM,inverter_power_card,1206,"20 Ω, 1%, 0.25W, 100 ppm/°C, 1206",Passives,Resistors,kg,,NO,3.2,1.6,0.55,,3,4,0.003,,EcoInvent,"resistor production, surface-mounted",kg,Input
GENERIC,R1206_270K_0.1%_0.25W_25PPM,contactor_card,1206,±0.1% 0.25W ±25ppm/°C Thin Film Chip Resistor,Passives,Resistors,kg,,NO,3.2,1.6,0.55,,3,4,0.003,,EcoInvent,"resistor production, surface-mounted",kg,Input
Generic,R1206_2K_1%_0.25W_100PPM,"contactor_card, inverter_power_card",1206,"2 kΩ, 1%, 0.25W, 100 ppm/°C, 1206",Passives,Resistors,kg,,NO,3.2,1.6,0.55,,3,4,0.003,,EcoInvent,"resistor production, surface-mounted",kg,Input
GENERIC,R1206_30K_0.1%_0.25W_25PPM,contactor_card,1206,±0.1% 0.25W ±25ppm/°C Thin Film Chip Resisto,Passives,Resistors,kg,,NO,3.2,1.6,0.55,,3,4,0.003,,EcoInvent,"resistor production, surface-mounted",kg,Input
GENERIC,R1206_33K_1%_0.25W_100PPM,contactor_card,1206,±1% 0.25W ±100ppm/°C General Purpose Thick Film Chip Resistor,Passives,Resistors,kg,,NO,3.2,1.6,0.55,,3,4,0.003,,EcoInvent,"resistor production, surface-mounted",kg,Input
GENERIC,R1206_47K_1%_0.25W_100PPM,"4Q_power_card, inverter_power_card",1206,±1% 0.25W ±100ppm/°C General Purpose Thick Film Chip Resistor,Passives,Resistors,kg,,NO,3.2,1.6,0.55,,3,4,0.003,,EcoInvent,"resistor production, surface-mounted",kg,Input
GENERIC,R1206_4K3_1%_0.25W_100PPM,contactor_card,1206,±1% 0.25W ±100ppm/°C General Purpose Thick Film Chip Resistor,Passives,Resistors,kg,,NO,3.2,1.6,0.55,,3,4,0.003,,EcoInvent,"resistor production, surface-mounted",kg,Input
GENERIC,RMELF_2K2_1%_0.2W_50PPM,digital_control,MELF,"Thin Film Mini-MELF Resistors, 2.2kΩ, 1%, 0.2W",Passives,Resistors,kg,,NO,,,,0.00554,3,4,,0,EcoInvent,"resistor production, surface-mounted",kg,Input
Generic,RMF_10K_1%_0.6W_50PPM_1016-630X250,4Q_output_power_card,,±1% 0.6W ±50ppm/°C Leaded Metal Film Resistor,Passives,Resistors,kg,,NO,,,,0.03093,3,4,0.003,,EcoInvent,"resistor, metal film type, through-hole mounting",kg,Input
Generic,RMF_47K_5%_3W_250PPM_2286-1670X520,filter_card,,±5% 3W ±250ppm/°C Leaded Power Metal Film Resistor,Passives,Resistors,kg,,NO,,,,0.35466,3,4,0.003,,EcoInvent,"resistor, metal film type, through-hole mounting",kg,Input
Generic,RMF_68K_1%_0.6W_50PPM_1016-630X250,fuse_card,,±1% 0.6W ±50ppm/°C Leaded Metal Film Resistor,Passives,Resistors,kg,,NO,,,,0.0285,3,4,0.01,,EcoInvent,"resistor, metal film type, through-hole mounting",kg,Input
HARWIN,S2761-46R,analog_control,,"Through-Hole Test Point, PC Test Pin",Passives,Test PIN,kg,0.000006,YES,,,,,,0,0,0,EcoInvent,"electronic component, passive, unspecified",kg,Input
Infineon,2ED3141MC12L,inverter_power_card,,Dual-Channel Isolated Gate Driver IC with Dead-Time Control,IC,Analog,kg,,NO,10.3,7.5,2.35,,1.2,1.3,0.15,,EcoInvent,"integrated circuit production, logic type",kg,Input
Infineon,BSS119N,"4Q_output_control_card, 4Q_power_card, inverter_power_card",SOT23-3,"100V, 190mA, N-Channel SIPMOS® Small-Signal-Transistor",Discrete Semiconductors,Small signal,kg,,NO,2.9,1.3,1,,1.2,1.3,0.0035,,EcoInvent,"transistor production, surface-mounted",kg,Input
Infineon,IKW25N120H3,inverter_power_card,TO-247,1200V 50A N-Channel Insulated Gate Bipolar Transistor IGBT,Discrete Semiconductors,Power,kg,0.00542,YES,,,,,,,,,EcoInvent,"insulated gate bipolar transistor production, for electric vehicle applications",kg,Input
INFINEON,IRFP4768,"4Q_output_power_card, 4Q_power_card",TO-247-2,250V 93A N-Channel HEXFET® Power MOSFET,Discrete Semiconductors,Power,kg,0.00542,YES,,,,,,,,,EcoInvent,"transistor production, wired, big size, through-hole mounting",kg,Input
KEMET,P272HE102M300A or PME271YA4100MR30,4Q_output_power_card,,"±20% 300VAC Metallized Impregnated Paper Film Capacitor, Class Y2",Passives,Capacitors,kg,,NO,13.5,3.9,7.5,,1.3,1.4,0,,EcoInvent,"capacitor production, film type, for through-hole mounting",kg,Input
KEMET,P272QE103M300A or PME271YB5100MR30,4Q_output_power_card,,"±20% 300VAC Metallized Impregnated Paper Film Capacitor, Class Y2",Passives,Capacitors,kg,,NO,18.5,5.2,10.5,,1.3,1.4,0,,EcoInvent,"capacitor production, film type, for through-hole mounting",kg,Input
KEMET,P272SJ473M300A or PME271YD5470MR30,4Q_output_power_card,,"±20% 300VAC Metallized Impregnated Paper Film Capacitor, Class Y2",Passives,Capacitors,kg,,NO,27,8,17,,1.3,1.4,0,,EcoInvent,"capacitor production, film type, for through-hole mounting",kg,Input
KEYSTONE,3576,fuse_card,,Fuse Holder for 10.3x38mm (5AG) Fuses,Electromechanical,Fuse holder,kg,,NO,,,,9.88,1.12,1.15,0.22,,EcoInvent,"electronic component, passive, unspecified",kg,Input
KEYSTONE,3576C,fuse_card,,Cover for Fuse Holder KEYSTONE 3576,Hardware,Enclosure,kg,0.00359,YES,,,,,,,,,EcoInvent,"electronic component, passive, unspecified",kg,Input
KYCON,KUSBX-SL-CS1N14-B,digital_control,,"USB 2.0 Type C Receptacle, High Temp., Flag Style Through Hole 14 Pin, Black",Electromechanical,Connectors,kg,0.002841,YES,,,,,,,,,EcoInvent,"electric connector production, peripheral type buss",kg,Input
LEM,LESR 25-NP,4Q_power_card,,Current Transducer 25A,Modules,Sensors,kg,0.01,YES,,,,,,,,,EcoInvent,"electronic component production, active, unspecified",kg,Input
LINEAR TECHNOLOGY,LT8610EMSE,analog_control,MSOP-16,"42V, 2.5A Synchronous Step-Down Regulator",IC,Analog,kg,0.000343,YES,,,,,,,,,EcoInvent,"integrated circuit production, logic type",kg,Input
LINEAR TECHNOLOGY,LTC2378CMS-20,analog_control,MSOP-16,"20-Bit, 1Msps, Low Power SAR ADC",IC,Mixed-Signal,kg,0.000343,YES,,,,,,,,,EcoInvent,"integrated circuit production, logic type",kg,Input
LITEON,LTST-C193KGKT-5A,digital_control,0603,"Extra Thin SMD Chip LED, Ultra Bright AlInGaP Green, Lens Water Clear",Discrete Semiconductors,Optoelectronics,kg,,NO,1.6,0.8,0.8,,4.5,5.5,,,EcoInvent,light emitting diode production,kg,Input
LITTELFUSE,0603L010,analog_control,0603,PTC Resettable Fuse 100mA 15V 0603,Passives,Protection,kg,,NO,1.6,0.8,0.8,,1.5,2.5,0,0,EcoInvent,"electronic component, passive, unspecified",kg,Input
Littelfuse,microSMD005F,"4Q_output_control_card, contactor_card, inverter_power_card",,PolySwitch® Resettable PPTC Overcurrent Protection Device,Passives,Protection,kg,,NO,3.21,2.57,0.72,,1.2,1.5,0.002,,EcoInvent,"electronic component, passive, unspecified",kg,Input
LITTELFUSE,SMBJ48CA,contactor_card,DO-214AA,48V 600W Bi-Directional Transient Voltage Suppressor Diode,Discrete Semiconductors,Small signal,kg,,NO,4.57,3.94,2.4,,1.2,1.25,0.05,,EcoInvent,"diode production, glass-, for surface-mounting",kg,Input
MAXIM INTEGRATED,MAX5719AGSD+,analog_control,SOIC-14,"20-Bit, Serial-Input, Voltage Output DAC",IC,Mixed-Signal,kg,0.000174,YES,8.65,3.9,1.75,,1.2,1.3,0.0001,0,EcoInvent,"integrated circuit production, logic type",kg,Input
MERSEN,W1014572,fuse_card,,"Protistor® Cylindrical Fuse-Links, Size 10x38 gR 690VAC",Passives,Protection,kg,0.008,YES,,,,,,,,,EcoInvent,"electronic component, passive, unspecified",kg,Input
MERSEN/FERRAZ SHAWMUT,G076458,4Q_output_control_card,,"6.3x46mm Cylindrical Very Fast Acting Ceramic Sand Filled Fuse, FA HRC Series",Passives,Protection,kg,0.0025,YES,,,,,,,,,EcoInvent,"electronic component, passive, unspecified",kg,Input
MERSEN/FERRAZ SHAWMUT,L080464,4Q_output_control_card,,"Cylindrical 6.3x32mm, Very HRC, FA Very Fast Acting Fuse','1','kg','0.0025','YES',,,,,,,,,'EcoInvent','electronic component, passive, unspecified','kg','Input','Mass from datasheet, aproximated as passive'
FH2""",Passives,Protection,Electromechanical,Fuse holder,,BUSSMANN,1A1907-06-R,"'Fuse Clip for 1/4"""" (6.35)mm Diameter Fuses'",'1','kg','0.00074','YES',,,,,
MICROCHIP,24AA025E48-I/SN,digital_control,SOIC8,"1.7V-5.5V, 2K I2C™ Serial EEPROMs with EUI-48™ Node Identity",IC,Memory,kg,,NO,4.9,3.9,1.75,,1.2,1.2,,,EcoInvent,"integrated circuit production, logic type",kg,Input
MICROCHIP,24AA025E48T-I/OT,analog_control,SOT23-6,"1.7V-5.5V, 2K I2C Serial EEPROM",IC,Memory,kg,,NO,2.9,1.3,1,,1.2,1.3,0.0035,,EcoInvent,"integrated circuit production, logic type",kg,Input
MICROCHIP,93LC56B-I/OT,digital_control,,"2K, 128X16-bit, 2.5V Microwire Compatible Serial EEPROM",IC,Memory,kg,0.0000065,YES,,,,,,,,,EcoInvent,"integrated circuit production, logic type",kg,Input
MICROCHIP,MIC5219-3.3YM5,digital_control,,3.3V 500mA Peak Output Low Drop-Out (LDO) Regulator,IC,Analog,kg,0.000063,YES,,,,,,,,,EcoInvent,"integrated circuit production, logic type",kg,Input
MOLEX,2203630800,"analog_control, digital_control",,"Easy-On FFC/FPC Connector, 0.40mm Pitch, FD4P Series, Right-Angle, Bottom Contact, 2.00mm Height, 80 Circuits, Gold over Nickel Plating",Electromechanical,Connectors,kg,0.0005,YES,,,,,,,,,EcoInvent,"electric connector production, peripheral type buss",kg,Input
MOLEX,2203631200,"analog_control, digital_control",,"Easy-On FFC/FPC Connector, 0.40mm Pitch, FD4P Series, Right-Angle, Bottom Contact, 2.00mm Height, 120 Circuits, Gold over Nickel Plating",Electromechanical,Connectors,kg,0.0015,YES,,,,,,,,,EcoInvent,"electric connector production, peripheral type buss",kg,Input
MOLEX,530480310,digital_control,,"1.25mm Pitch, PicoBlade PCB Header, Right-Angle, Through Hole, Tin (Sn) Plating, Friction Lock, 3 Circuits, Tray, 2.30mm PC Tail Length",Electromechanical,Connectors,kg,0.0009276,YES,,,,,,,,,EcoInvent,"electric connector production, wire clamp",kg,Input
MOLEX,53261-1071,"analog_control, digital_control",,"1.25mm (.049\"") Pitch PicoBlade™ Surface Mount 10 Circuits Right Angle Header",Electromechanical,Connectors,kg,0.000279,YES,,,,,,,,,EcoInvent,"electric connector production, wire clamp",kg,Input
MURATA,BLM18SG121TN1D,digital_control,0603,SMD EMIFIL Suppression Chip Ferrite Bead,Passives,Inductors,kg,,NO,1.6,0.8,0.8,,4.5,5.5,,,EcoInvent,"inductor production, low value multilayer chip",kg,Input
MURATA,BLM18SG221TN1,digital_control,0603,SMD EMIFIL Suppression Chip Ferrite Bead,Passives,Inductors,kg,,NO,1.6,0.8,0.8,,4.5,5.5,,,EcoInvent,"inductor production, low value multilayer chip",kg,Input
MURATA,IND_4.7UH_20%_MURATA-PS_8200,analog_control,,"4.7µH, ±20%, 2.5×2.0×1.5mm Inductor",Passives,Inductors,kg,0.00006,YES,,,,,,,,,EcoInvent,"inductor production, low value multilayer chip",kg,Input
MURATA,LQH32CN331K23,analog_control,1210,"330µH, ±10%, 1210 SMD Inductor",Passives,Inductors,kg,,NO,3.18,2.41,1.4,,6,7,0,,EcoInvent,"inductor production, ring core choke type",kg,Input
Nexperia,BAV99,analog_control,SOT23-3,75V 250mW Dual Series Switching Diode,Discrete Semiconductors,Small signal,kg,,NO,2.9,1.3,1.0,,1.2,1.3,0.0000035,0,EcoInvent,"diode production, glass-, for surface-mounting",kg,Input
NEXPERIA,BZV55-B10,"4Q_output_control_card, 4Q_power_card, contactor_card, inverter_power_card",SOD-80C,10V 500mW Voltage Regulator Diode,Discrete Semiconductors,Small signal,kg,,NO,,,,0.00744,2.2,2.3,0.002,,EcoInvent,"diode production, glass-, for surface-mounting",kg,Input
NEXPERIA,BZV55-B10,"4Q_output_control_card, 4Q_power_card, contactor_card, inverter_power_card",SOD-80C,10V 500mW Voltage Regulator Diode,Discrete Semiconductors,Small signal,kg,,NO,,,,0.00744,2.2,2.3,0.002,,EcoInvent,"diode production, glass-, for through-hole mounting",kg,Input
Nexperia,BZV55-B15,"4Q_power_card, inverter_power_card",SOD-80C,15V 500mW Voltage Regulator Diode,Discrete Semiconductors,Small signal,kg,,NO,,,,0.00744,2.2,2.3,0.002,,EcoInvent,"diode production, glass-, for surface-mounting",kg,Input
NEXPERIA,MMBT3904,4Q_power_card,SOT23-3,40V 200mA NPN Switching Transistor,Discrete Semiconductors,small signal,kg,,NO,2.9,1.3,1,,1.2,1.3,0.0035,,EcoInvent,"transistor production, surface-mounted",kg,Input
NEXPERIA,NX138BKW,digital_control,SOT23,"60V, 210mA, N-Channel Trench MOSFET",Discrete Semiconductors,Small Signal,kg,,NO,2.9,1.3,1,,1.2,1.3,0.0035,,EcoInvent,"transistor production, surface-mounted",kg,Input
NEXPERIA,PESD3V3S1UB,digital_control,SOD523,ESD protection diode (23kV),Discrete Semiconductors,Small Signal,kg,0.0000016,YES,,,,,,,,,EcoInvent,"diode production, glass-, for surface-mounting",kg,Input
NICHICON,LGR2G221MELA50,filter_card,,±20% 400V Aluminium Electrolytic Capacitor (LGR Serie),Passives,Capacitors,kg,,NO,,,,25.5254,5,6,0,,EcoInvent,"capacitor production, electrolyte type, > 2cm height",kg,Input
NXP,BZX84-C4V7,digital_control,SOT23,Zener Voltage Regulator,Discrete Semiconductors,Small Signal,kg,,NO,2.9,1.3,1,,1.2,1.3,0.0035,,EcoInvent,"diode production, glass-, for surface-mounting",kg,Input
NXP,PCT2075DP,analog_control,TSSOP-8,"Ultra Low Power, 1.8V, 1°C Accuracy Digital Temperature Sensor",IC,Analog,kg,0.000023550,YES,,,,,,,,,EcoInvent,"integrated circuit production, logic type",kg,Input
NXP SEMICONDUCTORS,BAV199,"4Q_output_control_card, 4Q_power_card, contactor_card",SOT23-3,75V 250mW Low-Leakage Double Diode,Discrete Semiconductors,Small signal,kg,,NO,2.9,1.3,1,,1.2,1.3,0.0035,,EcoInvent,"diode production, glass-, for surface-mounting",kg,Input
OHMITE,LVK20R002FER,digital_control,1206,"Four Terminal High Precision Current Sense, 0.002Ω, 1%, 0.75W",Passives,Resistors,kg,,NO,3.2,1.6,0.55,,3,4,0.003,0,EcoInvent,"resistor production, surface-mounted",kg,Input
OMRON,B3U-1100P,digital_control,,"3x2.5mm Ultra-Small Tactile SPST Pushbutton Switch (with Ground Terminal),Contact Rating 50mA 12VDC, B3U Series",Electromechanical,Switches,kg,0.000022,YES,,,,,,,,,EcoInvent,"electronic component, passive, unspecified",kg,Input
OMRON ELECTRONIC,G2RL-24-DC24,contactor_card,,"8A@250VAC, DPDT Power Relay, G2RL Series",Electromechanical,Relays,kg,0.01699,YES,,,,,,,,,EcoInvent,"transformer production, low voltage use",kg,Input
ON SEMICONDUCTOR,BAW56L,4Q_power_card,SOT23-3,70V Dual Common Anode Switching Diodes,Discrete Semiconductors,Small signal,kg,,NO,2.9,1.3,1,,1.2,1.3,0.0035,,EcoInvent,"diode production, glass-, for surface-mounting",kg,Input
ON SEMICONDUCTOR,ESD351DPY,digital_control,SOD523,1 Channel 30KV ESD Protection Diode with Low Clamping Voltage,Discrete Semiconductors,Small Signal,kg,0.0000016,YES,,,,,,,,,EcoInvent,"diode production, glass-, for surface-mounting",kg,Input
ON SEMICONDUCTOR,MBR40250G,4Q_power_card,TO-220-2-V,250V 40A Switch-Mode Schottky Power Rectifier,Discrete Semiconductors,Power,kg,0.0019,YES,,,,,,,,,EcoInvent,"transistor production, wired, small size, through-hole mounting",kg,Input
ONSEMI,BSS138LT1G,digital_control,SOT23,"50V, 200mA N-Channel Enhancement Mode Field-Effect Transistor",Discrete Semiconductors,Small Signal,kg,,NO,2.9,1.3,1,,1.2,1.3,0.0035,,EcoInvent,"transistor production, surface-mounted",kg,Input
onsemi,MJD45H11,4Q_output_control_card,DPAK,80V 8A PNP General-Purpose Power Transistor,Discrete Semiconductors,Power,kg,,NO,6.6,6.2,2.3,,1.2,1.3,0.215,,EcoInvent,"transistor production, surface-mounted",kg,Input
ONSEMI,MM3Z3V6T1G,analog_control,SOD-323-2,3.6V 200mW Zener Voltage Regulator,Discrete Semiconductors,Small signal,kg,0.00001,YES,,,,,,,,,EcoInvent,"diode production, glass-, for surface-mounting",kg,Input
ONSEMI,MMBT2222A,analog_control,SOT23-3,"NPN Transistor, 40V, 600mA, SOT23",Discrete Semiconductors,Small signal,kg,,NO,2.9,1.3,1,,1.2,1.3,0.0035,,EcoInvent,"transistor production, surface-mounted",kg,Input
onsemi,MMBT3906L,"4Q_output_control_card, contactor_card, inverter_power_card",SOT23-3,40V 200mA PNP General Purpose Transistor,Discrete Semiconductors,Small signal,kg,,NO,2.9,1.3,1,,1.2,1.3,0.0035,,EcoInvent,"transistor production, surface-mounted",kg,Input
ONSEMI,PZT2907A,analog_control,SOT223,"PNP Transistor, 60V, 600mA, SOT223",Discrete Semiconductors,Small signal,kg,0.000188,YES,,,,,,,,,EcoInvent,"transistor production, surface-mounted",kg,Input
onsemi (Fairchild),SMBJ24A,"4Q_output_control_card, 4Q_power_card, contactor_card, inverter_power_card",DO-214AA,24V 600W Uni-Directional Transient Voltage Suppressor Diode,Discrete Semiconductors,Small signal,kg,,NO,4.57,3.94,2.4,,1.2,1.25,0.05,,EcoInvent,"diode production, glass-, for surface-mounting",kg,Input
OSRAM,LY T676-R1S2-26,"contactor_card, inverter_power_card",,Hyper TOPLED® SMD Yellow LED,Discrete Semiconductors,Optoelectronics,kg,0.00035,YES,,,,,,,,,EcoInvent,light emitting diode production,kg,Input
OSRAM,N2514-6003RB,contactor_card,,14 Contacts Straight .100'' x .100'' Low Profile Four-Wall Header (Solder Tail 3.94mm) 2500 Series,Electromechanical,Connectors,kg,0.00331,YES,,,,,,,,,EcoInvent,"electric connector production, wire clamp",kg,Input
Panasonic,AQV210EHA,"4Q_output_control_card, 4Q_power_card, contactor_card, inverter_power_card",DIP6 SMD,"GE 1 Form A, PhotoMOS Relay, 5000V Reinforced Insulation, 350V 130mA",Modules,Hybrid relays,kg,0.000427,YES,,,,,,,,,EcoInvent,"electronic component production, active, unspecified",kg,Input
PANASONIC,AQV251A,digital_control,DIP6 SMD,"HE 1 Form A, PhotoMOS Relay, Low On-Resistance, 40V 500mA",Modules,Hybrid Relays,kg,0.000427,YES,,,,,,,,,EcoInvent,"electronic component production, active, unspecified",kg,Input
Panel of 1,EDA-05280-V1,4Q_power_card,,Q Power Card [25A 100V] Printed Circuit Board (Bare),PCB,,m2,,YES,170,100,,,,,,3.08,EcoInvent,"printed wiring board production, for through-hole mounting, Pb free surface",m2,Input
Panel of 1,EDA-05281-V1,4Q_output_power_card,,4Q Output Power Card [25A 100V] Printed Circuit Board (Bare),PCB,,m2,,YES,225,110,,,,,,3.08,EcoInvent,"printed wiring board production, for through-hole mounting, Pb free surface",m2,Input
Panel of 1,EDA-05282-V1,4Q_output_control_card,,4Q Output Control Card [25A 100V] Printed Circuit Board (Bare),PCB,,m2,,YES,205,110,,,,,,3.08,EcoInvent,"printed wiring board production, for through-hole mounting, Pb free surface",m2,Input
Panel of 2,EDA-04976-V1,contactor_card,,,PCB,,m2,,YES,170,100,,,,,,3.08,EcoInvent,"printed wiring board production, for through-hole mounting, Pb free surface",m2,Input
Panel of 2,EDA-04977-V1,filter_card,,"Panel of 2, 160x105 mm",PCB,,m2,,YES,170,100,,,,,,3.08,EcoInvent,"printed wiring board production, for through-hole mounting, Pb free surface",m2,Input
Panel of 2,EDA-05137-V1,inverter_power_card,,"Panel of 2, 160x105 mm",PCB,,m2,,YES,160,105,,,,,,3.08,EcoInvent,"printed wiring board production, for through-hole mounting, Pb free surface",m2,Input
Panel of 4 PCBs,EDA-05283-V1,fan_supervision_card,,Q Power Card [25A 100V] Printed Circuit Board (Bare),PCB,,m2,,YES,34,110,,,,,,3.08,EcoInvent,"printed wiring board production, for through-hole mounting, Pb free surface",m2,Input
PRTR5V0U2X,40V 200mA PNP General Purpose Transistor,digital_control,SOT23,Ultra Low Capacitance (1pF) Double Rail-to-Rail ESD Protection Diode (8kV),Discrete Semiconductors,ESD Protection,kg,,NO,2.9,1.3,1,,1.2,1.3,0.0035,,EcoInvent,"diode production, glass-, for surface-mounting",kg,Input
SAMTEC,ADF6-100-03.5-L-4-2-A,digital_control,,400 contacts (4 rows abcd) High-Density Slim Body Arrays Female Connector without Alignment Pin,Electromechanical,Connectors,kg,0.0738,YES,,,,,,,,,EcoInvent,"electric connector production, peripheral type buss",kg,Input
SAMTEC,FTS-111-03-L-D,analog_control,,"22-position, 2.54mm pitch, Surface Mount Header",Electromechanical,Connectors,kg,0.002,NO,14,3.42,1.27,,1.3,1.5,0.0027,0,EcoInvent,"electric connector production, wire clamp",kg,Input
SCHNEIDER,ZB6AS834,fan_supervision_card,,"Emergency Stop Pushbutton Head Trigger and Latching Turn Release,SCHNEIDER XB6 Modular Series",Electromechanical,Switches,kg,0.035,YES,,,,,,,,,EcoInvent,"electronic component, passive, unspecified",kg,Input
SCHNEIDER,ZB6E2A,fan_supervision_card,,"NC THD Switch, Top Actuator, SCHNEIDER XB6 Modular Series",Electromechanical,Switches,kg,0.004,YES,,,,,,,,,EcoInvent,"electronic component, passive, unspecified",kg,Input
SCHNEIDER,ZB6Y011,fan_supervision_card,,"Body Fixing Collar for Electrical Block + Fixing Point with Fixing Screws, SCHNEIDER XB6 Modular Series",Hardware,Mounting Hardware,kg,0.01,YES,,,,,,,,,EcoInvent,"electronic component, passive, unspecified",kg,Input
SEMITEC,S-103T,digital_control,SOD123,Current Regulative Diode (CRD),Discrete Semiconductors,Small Signal,kg,0.000333,YES,,,,,,,,,EcoInvent,"diode production, glass-, for surface-mounting",kg,Input
Semtech,SM712.TCT,"4Q_power_card, inverter_power_card",SOT23-3,12V/-7V 400W Asymmetrical TVS Diode for Extended Common-Mode RS-485,Discrete Semiconductors,Small signal,kg,,NO,2.9,1.3,1,,1.2,1.3,0.0035,,EcoInvent,"diode production, glass-, for surface-mounting",kg,Input
ST MICROELECTRONICS,L7805ABD2T-TR,4Q_power_card,D2PAK,5V 1.5A Positive Voltage Regulator,IC,Analog,kg,,NO,10.29,9.65,4.83,,1.2,1.3,0.9674,,EcoInvent,"integrated circuit production, logic type",kg,Input
ST MICROELECTRONICS,LD1086D2M33TR,4Q_power_card,D2PAK,3.3V 1.5A Low-Dropout Positive Voltage Regulator,IC,Analog,kg,,NO,10.29,9.65,4.83,,1.2,1.3,0.9674,,EcoInvent,"integrated circuit production, logic type",kg,Input
ST MICROELECTRONICS,STD10NF10T4,"4Q_output_control_card, contactor_card",DPAK,100V 13A N-Channel STripFET® II Power MOSFET,Discrete Semiconductors,Power,kg,,NO,6.6,6.2,2.3,,1.2,1.3,0.215,,EcoInvent,"transistor production, surface-mounted",kg,Input
STMicroelectronics,L7805ABD2T-TR,4Q_output_control_card,D2PAK,"""5V 1.5A Positive Voltage Regulator""",IC,Analog,kg,,NO,10.29,9.65,4.83,,1.2,1.3,0.9674,,EcoInvent,"integrated circuit production, logic type",kg,Input
STMICROELECTRONICS,L78L05ACUTR,digital_control,SOT89,5V 100mA Positive Voltage Regulator,IC,Analog,kg,0.00019,YES,,,,,,,,,EcoInvent,"integrated circuit production, logic type",kg,Input
STMicroelectronics,LD1086D2M33TR,inverter_power_card,D2PAK,3.3V 1.5A Low-Dropout Positive Voltage Regulator,IC,Analog,kg,,NO,10.29,9.65,4.83,,1.2,1.3,0.9674,,EcoInvent,"integrated circuit production, logic type",kg,Input
TDK,ACM2012-202-2P,analog_control,0805,"Common Mode Filter, 2000Ω@100MHz, 300mA, 2.0x1.25mm",Passives,Inductors,kg,,NO,2.0,1.25,0.8,,4.5,5.5,,0,EcoInvent,"inductor production, low value multilayer chip",kg,Input
TDK,ACM2012-361-2P,analog_control,0805,"Common Mode Filter, 360Ω@100MHz, 300mA, 2.0x1.25mm",Passives,Inductors,kg,,NO,2.0,1.25,0.8,,4.5,5.5,,0,EcoInvent,"inductor production, low value multilayer chip",kg,Input
TDK,B32653A6224J000,inverter_power_card,,±5% 630VDC/250VAC Metallized Polypropylene Film Capacitor (MKP),Passives,Capacitors,kg,,NO,7,16,26.5,,1.3,1.4,0,,EcoInvent,"capacitor production, film type, for through-hole mounting",kg,Input
TE CONNECTIVITY,1-2007637-5,digital_control,,2x2 Press Fit SFP+ Cage and PT Connectors Assembly with EMI Springs,Electromechanical,Connectors,kg,0.0162,YES,,,,,,,,,EcoInvent,"electric connector production, peripheral type buss",kg,Input
TE CONNECTIVITY,1571983-4,digital_control,DIP,"4 Way SPST SMD DIP Switch, Latched, Contact Rating 0.025A 24VDC",Electromechanical,Switches,kg,,NO,6.2,4.5,1.45,,1.2,1.3,0.05,0,EcoInvent,"electronic component, passive, unspecified",kg,Input
TE CONNECTIVITY,2311763-2,analog_control,,High Density D-sub 15 Position Female,Electromechanical,Connectors,kg,0.0084,YES,,,,,,,,,EcoInvent,"electric connector production, peripheral type buss",kg,Input
TE Connectivity,350789-1,"contactor_card, inverter_power_card",,3 Circuits In-Line - Universal MATE-N-LOK Connector,Electromechanical,Connectors,kg,0.001983,YES,,,,,,,,,EcoInvent,"electric connector production, peripheral type buss",kg,Input
TEXAS INSTRUMENTS,0402ESDA-MLP,analog_control,0402,0.05pF 8kV Bidirectional ESD Voltage Suppressor,Discrete Semiconductors,Small signal,kg,0.0000014,YES,1.0,0.5,0.5,,1.2,1.3,0.0000002,0,EcoInvent,"diode production, glass-, for surface-mounting",kg,Input
TEXAS INSTRUMENTS,AM26LV31EIRGY,digital_control,VQFN16,Low-Voltage High-Speed Quadruple Differential Line Driver with ±15-kV IEC ESD Protection,IC,Digital,kg,0.0000372,YES,,,,,,,,,EcoInvent,"integrated circuit production, logic type",kg,Input
Texas Instruments,AM26LV32IDR,"4Q_power_card, inverter_power_card",SOIC16,"Low-Voltage, High-Speed Quadruple Differential Line Receiver",IC,Mixed signal,kg,,NO,10,3.9,1.75,,1.2,1.3,0.1,,EcoInvent,"integrated circuit production, logic type",kg,Input
Texas Instruments,AMC3330DWE,"4Q_output_control_card, 4Q_power_card",SOIC16,"Precision, ±1V Input, Reinforced Isolated Amplifier with Integrated DC/DC Converter",IC,Digital,kg,,NO,10,3.9,1.75,,1.2,1.3,0.1,,EcoInvent,"integrated circuit production, logic type",kg,Input
TEXAS INSTRUMENTS,INA141U,4Q_output_control_card,SOIC8,"Precision, Low Power, G = 10, 100 Instrumentation Amplifier",IC,Analog,kg,,NO,4.9,3.9,1.75,,1.2,1.2,,,EcoInvent,"integrated circuit production, logic type",kg,Input
TEXAS INSTRUMENTS,INA226AIDGST,digital_control,VSSOP10,"High-or Low Side Measurement, Bi-Directional Current/Power Monitor with I2C Interface",IC,Mixed-Signal,kg,0.0000237,YES,,,,,,,,,EcoInvent,"integrated circuit production, logic type",kg,Input
TEXAS INSTRUMENTS,INA3221AIRGV,analog_control,VQFN-16,"Triple-Channel, High-Side Measurement, Shunt and Bus Voltage Monitor",IC,Mixed-Signal,kg,0.00005,YES,,,,,,,,,EcoInvent,"integrated circuit production, logic type",kg,Input
TEXAS INSTRUMENTS,ISO1228DFB,digital_control,TSSOP24,Eight-Channel Isolated Digital Input with Current Limit and Diagnostics,IC,Mixed-Signal,kg,0.00015,YES,,,,,,,,,EcoInvent,"integrated circuit production, logic type",kg,Input
TEXAS INSTRUMENTS,ISO1541D,"analog_control, digital_control",SOIC-8,Low-Power Bi-Directional I2C Isolator,IC,Mixed-Signal,kg,,NO,4.9,3.9,1.75,,1.2,1.2,,,EcoInvent,"integrated circuit production, logic type",kg,Input
TEXAS INSTRUMENTS,LM75AIMM/NOPB,digital_control,,-25° to +100°C ±2°C Digital Temperature Sensor and Thermal Watchdog with Two-Wire Interface,IC,Analog,kg,0.000031,YES,,,,,,,,,EcoInvent,"integrated circuit production, logic type",kg,Input
TEXAS INSTRUMENTS,OPA2192IDGK,analog_control,MSOP-8,Dual Operational Amplifier,IC,Analog,kg,0.00014,YES,,,,,,,,,EcoInvent,"integrated circuit production, logic type",kg,Input
TEXAS INSTRUMENTS,OPA4192IPW,analog_control,TSSOP-14,Quad Operational Amplifier,IC,Analog,kg,0.0000574,YES,,,,,,,,0,EcoInvent,"integrated circuit production, logic type",kg,Input
TEXAS INSTRUMENTS,PCA9306DCUR,digital_control,VSSOP8,Dual Bidirectional I2C Bus and SMBus Voltage-Level Translator,IC,Mixed-Signal,kg,0.0000096,YES,,,,,,,,,EcoInvent,"integrated circuit production, logic type",kg,Input
TEXAS INSTRUMENTS,SN65HVD78DRB,digital_control,VSON8,"3.3-V Supply RS-485 With IEC ESD protection, 50Mbps",IC,Digital,kg,0.000024,YES,,,,,,,,,EcoInvent,"integrated circuit production, logic type",kg,Input
TEXAS INSTRUMENTS,SN65MLVD082DGG,digital_control,TSSOP38,8-Channel Half-Duplex M-LVDS Line Transceiver,IC,Mixed-Signal,kg,0.0002626,YES,,,,,,,,,EcoInvent,"integrated circuit production, logic type",kg,Input
TEXAS INSTRUMENTS,SN74ALVC32PW,analog_control,TSSOP-14,Quad 2-Input OR Gate,IC,Digital,kg,0.0000325,YES,5.0,4.4,1.0,,1.2,1.3,0.000005,0,EcoInvent,"integrated circuit production, logic type",kg,Input
TEXAS INSTRUMENTS,SN74AUC245RGYR,analog_control,VQFN-20,"8-ch, 0.8-V to 2.7-V high speed buffers with 3-state outputs",IC,Digital,kg,0.000043,YES,,,,,,,,,EcoInvent,"integrated circuit production, logic type",kg,Input
TEXAS INSTRUMENTS,SN74AVC2T245RSWR,digital_control,UQFN10,Dual-Bit Dual-Supply Bus Transceiver with Configurable Voltage Translation and 3-State Outputs,IC,Digital,kg,0.000031,YES,,,,,,,,,EcoInvent,"integrated circuit production, logic type",kg,Input
TEXAS INSTRUMENTS,SN74AVC2T45DCT,analog_control,SM-8,Dual-Bit Dual-Supply Bus Transceiver with Configurable Voltage Translation,IC,Digital,kg,0.0000234,YES,,,,,,,,0,EcoInvent,"integrated circuit production, logic type",kg,Input
TEXAS INSTRUMENTS,SN74AXC8T245RHL,digital_control,,8-Bit Dual-Supply Bus Transceiver with Configurable Voltage Translation and 3-State Outputs,IC,Digital,kg,0.000050,YES,,,,,,,,,EcoInvent,"integrated circuit production, logic type",kg,Input
TEXAS INSTRUMENTS,SN74HCS4075PW,digital_control,TSSOP14,Triple 3-Input OR Gate with Schmitt-Trigger Inputs,IC,Digital,kg,0.0000572,YES,,,,,,,,,EcoInvent,"integrated circuit production, logic type",kg,Input
TEXAS INSTRUMENTS,SN74LV02APW,digital_control,TSSOP14,Quadruple 2-Input Positive-NOR Gate,IC,Digital,kg,0.0000572,YES,,,,,,,,,EcoInvent,"integrated circuit production, logic type",kg,Input
TEXAS INSTRUMENTS,SN74LVC07ARGY,digital_control,VQFN14,Hex Buffer with Open-Drain Outputs,IC,Digital,kg,0.0000322,YES,,,,,,,,,EcoInvent,"integrated circuit production, logic type",kg,Input
TEXAS INSTRUMENTS,SN74LVC14APW,digital_control,TSSOP14,Hex Schmitt-Trigger Inverter,IC,Digital,kg,0.0000572,YES,,,,,,,,,EcoInvent,"integrated circuit production, logic type",kg,Input
TEXAS INSTRUMENTS,SN74LVC2T45DCU,analog_control,VSSOP-8,Dual-Bit Dual-Supply Bus Transceiver,IC,Digital,kg,0.00001,YES,,,,,,,,0,EcoInvent,"integrated circuit production, logic type",kg,Input
TEXAS INSTRUMENTS,SN74LVC74APWT,digital_control,TSSOP14,Dual Positive-Edge-Triggered D-Type Flip Flop with Clear And Reset,IC,Digital,kg,0.0000572,YES,,,,,,,,,EcoInvent,"integrated circuit production, logic type",kg,Input
TEXAS INSTRUMENTS,SN74LVC8T245RHL,digital_control,,8-Bit Dual-Supply Bus Transceiver with Configurable Voltage Translation and 3-State Outputs,IC,Digital,kg,0.000050,YES,,,,,,,,,EcoInvent,"integrated circuit production, logic type",kg,Input
TEXAS INSTRUMENTS,TCA6424ARGJ,analog_control,,24-bit I2C and SMBus I/O Expander,IC,Digital,kg,0.0000257,YES,,,,,,,,0,EcoInvent,"integrated circuit production, logic type",kg,Input
TEXAS INSTRUMENTS,THS4531ID,analog_control,SOIC8,Differential Amplifier,IC,Analog,kg,,NO,4.9,3.9,1.75,,1.2,1.2,,,EcoInvent,"integrated circuit production, logic type",kg,Input
TEXAS INSTRUMENTS,TL331IDBVT,analog_control,SOT23-5,Single Voltage Comparator,IC,Analog,kg,,NO,2.9,1.3,1,,1.2,1.3,0.0035,0,EcoInvent,"integrated circuit production, logic type",kg,Input
TEXAS INSTRUMENTS,TL431ACL3T,analog_control,SOT23-3,Precision Reference,IC,Analog,kg,0.0000082,YES,2.9,1.3,1.0,0.00377,1.2,1.3,0.0000035,0,EcoInvent,"integrated circuit production, logic type",kg,Input
TEXAS INSTRUMENTS,TLV1117-18IDCY,digital_control,SOT223,"1.8V, 800mA Low-Dropout Voltage Regulator",IC,Analog,kg,0.000112,YES,,,,,,,,,EcoInvent,"integrated circuit production, logic type",kg,Input
TEXAS INSTRUMENTS,TPL7407LAPW,digital_control,TSSOP16,30-V 7-Channel Low Side Driver,IC,Analog,kg,0.000173,YES,,,,,,,,,EcoInvent,"integrated circuit production, logic type",kg,Input
TEXAS INSTRUMENTS,TPS7A4901DGN,analog_control,MSOP-8,"+36V, +150mA, Ultralow-Noise, Positive Linear Regulator",IC,Analog,kg,0.00014,YES,,,,,,,,,EcoInvent,"integrated circuit production, logic type",kg,Input
TI,0402ESDA-MLP,digital_control,0402,0.05pF 8kV Bidirectional ESD Voltage Suppressor,Discrete Semiconductors,Small Signal,kg,,NO,1.0,0.5,0.5,,6,7,0,,EcoInvent,"capacitor production, for surface-mounting",kg,Input
TRACO POWER,TEN 6-2415N,4Q_output_control_card,,"18-36VDC to 24VDC, Iout (max) 250mA, 6W DC-DC Converter",Modules,DC/DC Converters,kg,0.0127,YES,,,,,,,,,EcoInvent,"electronic component production, active, unspecified",kg,Input
Traco Power,TRV 1-2413M,"4Q_power_card, inverter_power_card",,"19.2-28.8VDC to +15VDC/±67mA, Ripple and Noise (max) 100mVpk-pk,DC/DC Medical Converter",Modules,DC/DC Converters,kg,0.0048,YES,,,,,,,,,EcoInvent,"electronic component production, active, unspecified",kg,Input
TXC,7M-12.000MAAJ-T,digital_control,,"±30ppm 18pF -20°C to +70°C  4 Pins, 3.2x2.5X0.8mm, SMD Sealing Crystal, 7M Series",Passives,Crystals,kg,0.000016,YES,,,,,,,,,EcoInvent,"electronic component, passive, unspecified",kg,Input
TYCO ELECTRONICS,1-770166-0,"4Q_output_control_card, 4Q_power_card",,"2 Circuits In-Line, Mini-Universal MATE-N-LOK Connetor",Electromechanical,Connectors,kg,0.00078,YES,,,,,,,,,EcoInvent,"electric connector production, wire clamp",kg,Input
TYCO ELECTRONICS,1-770178-0,control_backplane_card,,Connector 6 Male MATE-N-LOK,Electromechanical,Connectors,kg,0.00738,YES,,,,,,,,,EcoInvent,"electric connector production, wire clamp",kg,Input
TYCO ELECTRONICS,350711-1,control_backplane_card,,Connector 6 Male MATE-N-LOK,Electromechanical,Connectors,kg,0.003465,YES,,,,,,,,,EcoInvent,"electric connector production, wire clamp",kg,Input
TYCO ELECTRONICS,350786-1,"filter_card, fuse_card",,2 Circuits In-Line - Universal MATE-N-LOK Connector,Passives,Electromechanical,kg,0.00137,YES,,,,,,,,,EcoInvent,"electric connector production, wire clamp",kg,Input
TYCO ELECTRONICS,350789-1,filter_card,,3 Circuits In-Line - Universal MATE-N-LOK Connector,Electromechanical,Connectors,kg,0.001983,YES,,,,,,,,,EcoInvent,"electric connector production, peripheral type buss",kg,Input
TYCO ELECTRONICS,640900-1,"4Q_output_control_card, contactor_card, fuse_card",,5 Circuits In-Line - Universal MATE-N-LOK Connector,Electromechanical,Connectors,kg,0.00319,YES,,,,,,,,,EcoInvent,"electric connector production, wire clamp",kg,Input
VERO TECHNOLOGIES,20-2136,"4Q_output_control_card, 4Q_power_card, contactor_card, filter_card, inverter_power_card",,Black Bead PCB Terminal Test Pin for 1.6mm PCB Thickness (1.32mm Hole),Passives,Test PIN,kg,8e-05,YES,,,,,,,,,EcoInvent,"electronic component, passive, unspecified",kg,Input
VISHAY,MPMT10015001AT1,analog_control,SOT23-3,"1k/5k Resistor Divider, 0.1%",Passives,Resistors,kg,0.000008,YES,,,,,,,,0,EcoInvent,"electronic component, passive, unspecified",kg,Input
VISHAY,NOMCA16031002A,analog_control,SOIC16,"8 Isolated Resistors, 10kΩ, 0.1%",Passives,Resistors,kg,,NO,10,3.9,1.75,,1.2,1.3,0.1,,EcoInvent,"electronic component, passive, unspecified",kg,Input
VISHAY,VS-45EPS16L-M3,"4Q_power_card, contactor_card",TO-247-2,"1.16V 45A 1600VR @ 1mA, High Voltage Input Rectifier Diod",Discrete Semiconductors,Power,kg,0.00542,YES,,,,,,,,,EcoInvent,"transistor production, wired, big size, through-hole mounting",kg,Input
VISHAY,Y1365V0548BA0,analog_control,,"4 Resistors 10k-3k5-3k5-10k, 0.05%",Passives,Resistors,kg,0.00008,YES,,,,,,,,,EcoInvent,"electronic component, passive, unspecified",kg,Input
VISHAY BCCOMPONENTS,MAL205253471E3,4Q_power_card,,+30% -10% 250V Radial Aluminum Capacitor Power Eurodin Printed Wiring(052 PED-PW Series),Passives,Capacitors,kg,0.066,YES,,,,,,,,,EcoInvent,"capacitor production, electrolyte type, > 2cm height",kg,Input
VISHAY BCCOMPONENTS,MAL213668101E3,fan_supervision_card,,±20% 63V Low ESR 0R190 Aluminum Electrolytic Capacitor,Passives,Capacitors,kg,0.0019,YES,,,,,,,,,EcoInvent,"capacitor production, electrolyte type, < 2cm height",kg,Input
VISHAY FOIL RESISTOR,Y6071020R000B9L,4Q_output_control_card,,"±0.1% 0.3W ±2ppm/°C Hermetically Sealed, Ultra-High Precision Z-Foil Technology Resistor- HZ Series",Passives,Resistors,kg,0.0014,YES,,,,,,,,,EcoInvent,"resistor production, metal film type, through-hole mounting",kg,Input
VISHAY GENERAL SEMICONDUCTOR,BZX55C12,4Q_output_power_card,DO-35,12V 500mW Voltage Regulator Diode,Discrete Semiconductors,Small signal,kg,0.000125,YES,,,,,,,,,EcoInvent,"diode production, glass-, for through-hole mounting",kg,Input
WAGO,236-402,fan_supervision_card,,"16A 250VAC Grey 2 Way PCB Terminal Block, Pitch 5mm, CAGE CLAMP® Connection,Wire Size Max: 2.5mm²",Electromechanical,Connectors,kg,0.001902,YES,,,,,,,,,EcoInvent,"electric connector production, wire clamp",kg,Input
Wieland,25.161.0353.0,inverter_power_card,,"16A 250VAC 3 Way PCB Terminal Block, Pitch 5mm, Screw Connection, Wire Size Max: 2.5mm²",Electromechanical,Connectors,kg,,NO,16.09,10.16,12,,1.12,1.18,0.2,,EcoInvent,"electric connector production, wire clamp",kg,Input
WIMA,DCP4L055007JD4KSSD,filter_card,,±10% 800VDC Metallized Polypropylene Capacitor (MKP4) For DC-Link Applications,Passives,Capacitors,kg,,NO,35,41.5,50,,1.3,1.4,0,,EcoInvent,"capacitor production, film type, for through-hole mounting",kg,Input
WIMA,FKP1U004704C00KSSD,inverter_power_card,,"470 pF, ±10%, 2000VDC/700VAC, FKP1",Passives,Capacitors,kg,,NO,18,6,12.5,,1.3,1.4,0,,EcoInvent,"capacitor production, film type, for through-hole mounting",kg,Input
WIMA,MKP4F044706F00MSSD,inverter_power_card,,±20% 250VDC/160VAC Metallized Polypropylene Film Capacitor (MKP4),Passives,Capacitors,kg,,NO,15,26,31.5,,1.3,1.4,0,,EcoInvent,"capacitor production, film type, for through-hole mounting",kg,Input
WIMA,MKP4J043307F00MSSD,inverter_power_card,,"3.3 µF, ±20%, 630VDC/280VAC, MKP4",Passives,Capacitors,kg,,NO,19,32,41.5,,1.3,1.4,0,,EcoInvent,"capacitor production, film type, for through-hole mounting",kg,Input
WIMA,MKP4O141007E00MSSD,inverter_power_card,,"1 µF, ±20%, 1000VDC/400VAC, MKP4",Passives,Capacitors,kg,,NO,17,29,41.5,,1.3,1.4,0,,EcoInvent,"capacitor production, film type, for through-hole mounting",kg,Input
WIMA,MKP4O141507G00MSSD,"filter_card, inverter_power_card",,±20% 1000VDC/400VAC Metallized Polypropylene Film Capacitor (MKP4),Passives,Capacitors,kg,,NO,20,39.5,41.5,,1.3,1.4,0,,EcoInvent,"capacitor production, film type, for through-hole mounting",kg,Input
WIMA,MKS4F053307H00MSSD,4Q_power_card,,±20% 250VDC/160VAC Metallized Polyester Film Capacitor (MKS4),Passives,Capacitors,kg,,NO,41.5,24,45.5,,1.3,1.4,0,,EcoInvent,"capacitor production, film type, for through-hole mounting",kg,Input
WIMA,MKX2AW41005I00MSSD,fuse_card,,±20% 305VAC Metallized Polypropylene RFI Capacitor Class X2 (MKP-X2),Passives,Capacitors,kg,,NO,26.5,11,21,,1.3,1.4,0,,EcoInvent,"capacitor production, film type, for through-hole mounting",kg,Input
WIMA,MKX2AW41006D00MSSD,fuse_card,,±20% 305VAC Metallized Polypropylene RFI Capacitor Class X2 (MKP-X2),Passives,Capacitors,kg,,NO,31.5,13,24,,1.3,1.4,0,,EcoInvent,"capacitor production, film type, for through-hole mounting",kg,Input
WIMA,MKY22W14703F00MSSD,"filter_card, fuse_card, inverter_power_card",,±20% 300VAC Metallized Polypropylene RFI Capacitor Class Y2 (MKP-Y2),Passives,Capacitors,kg,,NO,13,5,11,,1.3,1.4,0,,EcoInvent,"capacitor production, film type, for through-hole mounting",kg,Input
WIMA,MKY22W21004B00MSSD,"filter_card, fuse_card, inverter_power_card",,"10 nF, ±20%, 300VAC, Class Y2, MKP-Y2",Passives,Capacitors,kg,,NO,18,5,11,,1.3,1.4,0,,EcoInvent,"capacitor production, film type, for through-hole mounting",kg,Input
WURTH,742792031,digital_control,0805,SMD EMI Suppression Chip Ferrite Bead (WE-CBF Series),Passives,Inductors,kg,,NO,2.0,1.25,0.8,,4.5,5.5,,0,EcoInvent,"inductor production, low value multilayer chip",kg,Input
WURTH,742792040,digital_control,0805,SMD EMI Suppression Chip Ferrite Bead (WE-CBF Series),Passives,Inductors,kg,,NO,2.0,1.25,0.8,,4.5,5.5,,0,EcoInvent,"inductor production, low value multilayer chip",kg,Input
WURTH,7460305,"4Q_output_power_card, 4Q_power_card",,M5 Bush With Two Rows Pin-Plate,Electromechanical,Connectors,kg,0.004,YES,,,,,,,,,EcoInvent,"brass + metal working, average for copper product manufacturing",kg,Input
WURTH ELEKTRONIK,7447797180,digital_control,,1,Passives,Inductors,kg,0.002,YES,,,,,,,,,EcoInvent,"inductor production, ring core choke type",kg,Input
WURTH ELEKTRONIK,7447798221,digital_control,,1,Passives,Inductors,kg,0.002,YES,,,,,,,,,EcoInvent,"inductor production, ring core choke type",kg,Input
WÜRTH ELEKTRONIK,74408943100,analog_control,,"10µH, ±20%, WE‑SPC SMD Power Inductor",Passives,Inductors,kg,0.000315,YES,,,,,,,,0,EcoInvent,"inductor production, ring core choke type",kg,Input
WÜRTH ELEKTRONIK,744226,analog_control,,"2×10µH Common Mode Choke, WE‑SL2",Passives,Inductors,kg,0.000468,YES,,,,,,,,,EcoInvent,"inductor production, ring core choke type",kg,Input
YAGEO,YC124-JR-0710RL,analog_control,0804,"4 Isolated Resistors, 10Ω, 5%, 5×4×2mm",Passives,Resistors,kg,0.000129,YES,,,,,,,,,EcoInvent,"electronic component, passive, unspecified",kg,Input
YAGEO,YC248-JR-0733RL,analog_control,,"8 Isolated Resistors, 33Ω, 5%, 10×4×2mm",Passives,Resistors,kg,0.00011,YES,,,,,,,,,EcoInvent,"electronic component, passive, unspecified",kg,Input
