Designators,Casing,Section,Subsection,Ecoinvent_unit,unit,Total_quantity,Total_mass_kg,Ecoinvent_flow,Category,Manufacturer,Part_Number,Description,number_elements,Quantity_per_element,Has_datasheet_info,L_mm,W_mm,H_mm,Volume_cm3_excel,Density_min_g_cm3,Density_max_g_cm3,Metal_extra_g,mass_space_relation_m2/kg,Database,Direction,Comments,Order_index,Category_order,Group_order,Method,Volume_cm3,Mass_per_element_g,Density_used_g_cm3,Density_source,Validation_error
"C1, C2, C5, C7, C9, C11, C14, C15, C16, C17, C18, C20, C21, C23, C24, C26, C27, C29, C30, C32, C33, C35, C36, C38, C39, C41, C44, C47, C48, C49, C50, C54, C55, C58, C59, C60, C61, C62, C63, C64, C65, C66, C67, C68, C69, C70, C71, C78, C79, C80, C81, C86, C87, C88, C89, C94, C96, C99, C106, C108, C110, C111, C112, C113, C116, C117, C118, C119, C120, C122, C123, C124, C125, C126, C128, C129, C130, C131, C132, C133, C134, C135, C138, C139, C140, C141, C142, C143, C167_DIG_IND_IN_1, C167_DIG_IND_IN_2, C167_DIG_IND_IN_3, C167_DIG_IND_IN_4, C167_DIG_IND_IN_5, C167_DIG_IND_IN_6, C167_DIG_IND_IN_7, C167_DIG_IND_IN_8, C167_DIG_IND_IN_9, C167_DIG_IND_IN_10, C167_DIG_IND_IN_11, C167_DIG_IND_IN_12, C167_DIG_IND_IN_13, C167_DIG_IND_IN_14, C171, C173, C175, C187, C189, C190, C191, C192, C193, C194, C195, C196, C197, C198, C199, C200, C201, C202, C203, C204, C205, C206, C207, C208, C213, C214, C215, C216, C217, C218, C219, C220, C221, C222, C223, C224, C228, C229, C230, C231, C232, C233, C234, C235, C236, C237, C238, C239, C240, C241, C242, C257, C258, C261, C262, C270, C271, C272, C274, C275, C276, C277, C278, C279, C280, C288",0402,Passives,Capacitors,kg,kg,0.000273,0.000273,"capacitor production, for surface-mounting",MLCC,GENERIC,CC0402_100NF_50V_10%_X7R,"SMD Multilayer Chip Ceramic Capacitor, 100nF, 50V, X7R, 0402",168,1.625e-06,NO,1.0,0.5,0.5,,6,7,0,,EcoInvent,Input,Dimmensiones information: https://www.torchcapacitor.com/high-q-multylayer-ceramic-chip-capacitor-0402 ,1,1,1,CALCULATED,0.00025,0.001625,6.5,MIN_MAX_AVG,
"C3, C4",0402,Passives,Capacitors,kg,kg,3.25e-06,3.25e-06,"capacitor production, for surface-mounting",MLCC,GENERIC,CC0402_22PF_50V_5%_C0G,"SMD Multilayer Chip Ceramic Capacitor, 22pF, 50V, C0G, 0402",2,1.625e-06,NO,1.0,0.5,0.5,,6,7,0,,EcoInvent,Input,Dimmensiones information: https://www.torchcapacitor.com/high-q-multylayer-ceramic-chip-capacitor-0402 ,2,1,1,CALCULATED,0.00025,0.001625,6.5,MIN_MAX_AVG,
"C6, C13, C22, C25, C28, C31, C34, C37, C40, C109, C115, C121, C127",0603,Passives,Capacitors,kg,kg,8.6528e-05,8.6528e-05,"capacitor production, for surface-mounting",MLCC,GENERIC,CC0603_22UF_10V_20%_X5R,"SMD Multilayer Chip Ceramic Capacitor, 22µF, 10V, X5R, 0603",13,6.656e-06,NO,1.6,0.8,0.8,,6,7,0,,EcoInvent,Input,Dimmensiones information: https://www.torchcapacitor.com/high-q-multylayer-ceramic-chip-capacitor-0402 ,3,1,1,CALCULATED,0.001024,0.006656,6.5,MIN_MAX_AVG,
"C8, C10, C19",0402,Passives,Capacitors,kg,kg,4.875e-06,4.875e-06,"capacitor production, for surface-mounting",MLCC,GENERIC,CC0402_4.7UF_6.3V_20%_X5R,"SMD Multilayer Chip Ceramic Capacitor, 4.7µF, 6.3V, X5R, 0402",3,1.625e-06,NO,1.0,0.5,0.5,,6,7,0,,EcoInvent,Input,Dimmensiones information: https://www.torchcapacitor.com/high-q-multylayer-ceramic-chip-capacitor-0402 ,4,1,1,CALCULATED,0.00025,0.001625,6.5,MIN_MAX_AVG,
"C12, C46, C51, C52, C53, C170, C172, C174, C273",0402,Passives,Capacitors,kg,kg,1.4625e-05,1.4625e-05,"capacitor production, for surface-mounting",MLCC,GENERIC,CC0402_10UF_6.3V_20%_X5R,"SMD Multilayer Chip Ceramic Capacitor, 10µF, 6.3V, X5R, 0402",9,1.625e-06,NO,1.0,0.5,0.5,,6,7,0,,EcoInvent,Input,Dimmensiones information: https://www.torchcapacitor.com/high-q-multylayer-ceramic-chip-capacitor-0402 ,5,1,1,CALCULATED,0.00025,0.001625,6.5,MIN_MAX_AVG,
"C42, C160, C165, C166, C177, C178, C179, C184, C185, C186, C264",1210,Passives,Capacitors,kg,kg,0.00076714638,0.00076714638,"capacitor production, for surface-mounting",MLCC,GENERIC,CC1210_10UF_75V_10%_X7R,"SMD Multilayer Chip Ceramic Capacitor, 10µF, 75V, X7R, 1210",11,6.974058e-05,NO,3.18,2.41,1.4,,6,7,0,,EcoInvent,Input,Dimmensiones information: https://www.torchcapacitor.com/high-q-multylayer-ceramic-chip-capacitor-0402 ,6,1,1,CALCULATED,0.01072932,0.069741,6.5,MIN_MAX_AVG,
C43,1210,Passives,Capacitors,kg,kg,6.974058e-05,6.974058e-05,"capacitor production, for surface-mounting",MLCC,GENERIC,CC1210_47UF_16V_10%_X5R,"SMD Multilayer Chip Ceramic Capacitor, 47µF, 16V, X5R, 1210",1,6.974058e-05,NO,3.18,2.41,1.4,,6,7,0,,EcoInvent,Input,Dimmensiones information: https://www.torchcapacitor.com/high-q-multylayer-ceramic-chip-capacitor-0402 ,7,1,1,CALCULATED,0.01072932,0.069741,6.5,MIN_MAX_AVG,
"C56, C57, C72, C73, C74, C75, C76, C77, C82, C83, C84, C85, C90, C91, C93, C95, C97, C98, C100, C101, C136, C137, C144, C145, C146, C147, C148, C149, C150, C151, C152, C153, C154, C155, C156, C157, C211, C212, C247, C248, C249, C250, C254, C255, C256, C259, C260, C281, C282, C283, C284, C285, C286, C287, C289, C290, C291",0805,Passives,Capacitors,kg,kg,0.000741,0.000741,"capacitor production, for surface-mounting",MLCC,GENERIC,CC0805_100NF_50V_10%_X7R,"SMD Multilayer Chip Ceramic Capacitor, 100nF, 50V, X7R, 0805",57,1.3e-05,NO,2.0,1.25,0.8,,6,7,0,,EcoInvent,Input,Dimmensiones information: https://www.torchcapacitor.com/high-q-multylayer-ceramic-chip-capacitor-0402 ,9,1,1,CALCULATED,0.002,0.013,6.5,MIN_MAX_AVG,
"C92_CONTACT_OUT_0, C92_CONTACT_OUT_1, C92_CONTACT_OUT_2, C92_CONTACT_OUT_3, C92_CONTACT_OUT_4, C92_CONTACT_OUT_5",0805,Passives,Capacitors,kg,kg,7.8e-05,7.8e-05,"capacitor production, for surface-mounting",MLCC,GENERIC,CC0805_1UF_100V_10%_X7S,"SMD Multilayer Chip Ceramic Capacitor, 1µF, 100V, X7S, 0805",6,1.3e-05,NO,2.0,1.25,0.8,,6,7,0,,EcoInvent,Input,Dimmensiones information: https://www.torchcapacitor.com/high-q-multylayer-ceramic-chip-capacitor-0402 ,10,1,1,CALCULATED,0.002,0.013,6.5,MIN_MAX_AVG,
"C105, C107, C163, C164, C225_P24V_FUSE1, C225_P24V_FUSE2, C225_P24V_FUSE3, C225_P24V_FUSE4, C225_P24V_FUSE5, C225_P24V_FUSE6, C225_P24V_FUSE7, C225_P24V_FUSE8, C226_P24V_FUSE1, C226_P24V_FUSE2, C226_P24V_FUSE3, C226_P24V_FUSE4, C226_P24V_FUSE5, C226_P24V_FUSE6, C226_P24V_FUSE7, C226_P24V_FUSE8",0603,Passives,Capacitors,kg,kg,0.00013312,0.00013312,"capacitor production, for surface-mounting",MLCC,GENERIC,CC0603_100NF_50V_10%_X7R,"SMD Multilayer Chip Ceramic Capacitor, 100nF, 50V, X7R, 0603",20,6.656e-06,NO,1.6,0.8,0.8,,6,7,0,,EcoInvent,Input,Dimmensiones information: https://www.torchcapacitor.com/high-q-multylayer-ceramic-chip-capacitor-0402 ,11,1,1,CALCULATED,0.001024,0.006656,6.5,MIN_MAX_AVG,
C114,1808,Passives,Capacitors,kg,kg,9.36e-05,9.36e-05,"capacitor production, for surface-mounting",MLCC,GENERIC,CC1808_1NF_3000V_10%_X7R,"SMD Multilayer Chip Ceramic Capacitor, 1nF, 3000V, X7R, 1808",1,9.36e-05,NO,4.5,2.0,1.6,,6,7,0,,EcoInvent,Input,Dimmensions info: https://www.fhcomp.com/en/product_page/?code=010103&page=57,12,1,1,CALCULATED,0.0144,0.0936,6.5,MIN_MAX_AVG,
C158,0402,Passives,Capacitors,kg,kg,1.625e-06,1.625e-06,"capacitor production, for surface-mounting",MLCC,GENERIC,CC0402_NO-VALUE,Reserved Footprint For 0402(1005) Chip Ceramic Capacitor,1,1.625e-06,NO,1.0,0.5,0.5,,6,7,0,,EcoInvent,Input,Dimmensiones information: https://www.torchcapacitor.com/high-q-multylayer-ceramic-chip-capacitor-0402 ,13,1,1,CALCULATED,0.00025,0.001625,6.5,MIN_MAX_AVG,
C159,0402,Passives,Capacitors,kg,kg,1.625e-06,1.625e-06,"capacitor production, for surface-mounting",MLCC,GENERIC,CC0402_NO-VALUE,Reserved Footprint For 0402(1005) Chip Ceramic Capacitor,1,1.625e-06,NO,1.0,0.5,0.5,,6,7,0,,EcoInvent,Input,Dimmensiones information: https://www.torchcapacitor.com/high-q-multylayer-ceramic-chip-capacitor-0402 ,14,1,1,CALCULATED,0.00025,0.001625,6.5,MIN_MAX_AVG,
C161,0402,Passives,Capacitors,kg,kg,1.625e-06,1.625e-06,"capacitor production, for surface-mounting",MLCC,GENERIC,CC0402_15NF_50V_5%_X7R,"SMD Multilayer Chip Ceramic Capacitor, 15nF, 50V, X7R, 0402",1,1.625e-06,NO,1.0,0.5,0.5,,6,7,0,,EcoInvent,Input,Dimmensiones information: https://www.torchcapacitor.com/high-q-multylayer-ceramic-chip-capacitor-0402 ,15,1,1,CALCULATED,0.00025,0.001625,6.5,MIN_MAX_AVG,
C162,0402,Passives,Capacitors,kg,kg,1.625e-06,1.625e-06,"capacitor production, for surface-mounting",MLCC,GENERIC,CC0402_47PF_50V_5%_C0G,"SMD Multilayer Chip Ceramic Capacitor, 47pF, 50V, C0G, 0402",1,1.625e-06,NO,1.0,0.5,0.5,,6,7,0,,EcoInvent,Input,Dimmensiones information: https://www.torchcapacitor.com/high-q-multylayer-ceramic-chip-capacitor-0402 ,16,1,1,CALCULATED,0.00025,0.001625,6.5,MIN_MAX_AVG,
"C168_DIG_IND_IN_1, C168_DIG_IND_IN_2, C168_DIG_IND_IN_3, C168_DIG_IND_IN_4, C168_DIG_IND_IN_5, C168_DIG_IND_IN_6, C168_DIG_IND_IN_7, C168_DIG_IND_IN_8, C168_DIG_IND_IN_9, C168_DIG_IND_IN_10, C168_DIG_IND_IN_11, C168_DIG_IND_IN_12, C168_DIG_IND_IN_13, C168_DIG_IND_IN_14",0603,Passives,Capacitors,kg,kg,9.3184e-05,9.3184e-05,"capacitor production, for surface-mounting",MLCC,GENERIC,CC0603_100NF_50V_10%_X7R,"SMD Multilayer Chip Ceramic Capacitor, 100nF, 50V, X7R, 0603",14,6.656e-06,NO,1.6,0.8,0.8,,6,7,0,,EcoInvent,Input,Dimmensiones information: https://www.torchcapacitor.com/high-q-multylayer-ceramic-chip-capacitor-0402 ,17,1,1,CALCULATED,0.001024,0.006656,6.5,MIN_MAX_AVG,
"C169_DIG_IND_IN_1, C169_DIG_IND_IN_2, C169_DIG_IND_IN_3, C169_DIG_IND_IN_4, C169_DIG_IND_IN_5, C169_DIG_IND_IN_6, C169_DIG_IND_IN_7, C169_DIG_IND_IN_8, C169_DIG_IND_IN_9, C169_DIG_IND_IN_10, C169_DIG_IND_IN_11, C169_DIG_IND_IN_12, C169_DIG_IND_IN_13, C169_DIG_IND_IN_14",0603,Passives,Capacitors,kg,kg,9.3184e-05,9.3184e-05,"capacitor production, for surface-mounting",MLCC,GENERIC,CC0603_100NF_50V_10%_X7R,"SMD Multilayer Chip Ceramic Capacitor, 100nF, 50V, X7R, 0603",14,6.656e-06,NO,1.6,0.8,0.8,,6,7,0,,EcoInvent,Input,Dimmensiones information: https://www.torchcapacitor.com/high-q-multylayer-ceramic-chip-capacitor-0402 ,18,1,1,CALCULATED,0.001024,0.006656,6.5,MIN_MAX_AVG,
"C176, C180, C265, C266",0805,Passives,Capacitors,kg,kg,7.8e-05,7.8e-05,"capacitor production, for surface-mounting",MLCC,GENERIC,CC0805_1UF_100V_10%_X7S,"SMD Multilayer Chip Ceramic Capacitor, 1µF, 100V, X7S, 0805",6,1.3e-05,NO,2.0,1.25,0.8,,6,7,0,,EcoInvent,Input,0805 MLCC.,19,1,1,CALCULATED,0.002,0.013,6.5,MIN_MAX_AVG,
"C181, C227_P24V_FUSE1, C227_P24V_FUSE2, C227_P24V_FUSE3, C227_P24V_FUSE4, C227_P24V_FUSE5, C227_P24V_FUSE6, C227_P24V_FUSE7, C227_P24V_FUSE8",0402,Passives,Capacitors,kg,kg,1.4625e-05,1.4625e-05,"capacitor production, for surface-mounting",MLCC,GENERIC,CC0402_10NF_25V_10%_X7R,"SMD Multilayer Chip Ceramic Capacitor, 10nF, 25V, X7R, 0402",9,1.625e-06,NO,1.0,0.5,0.5,,6,7,0,,EcoInvent,Input,Dimmensiones information: https://www.torchcapacitor.com/high-q-multylayer-ceramic-chip-capacitor-0402 ,20,1,1,CALCULATED,0.00025,0.001625,6.5,MIN_MAX_AVG,
"C209, C210",0402,Passives,Capacitors,kg,kg,3.25e-06,3.25e-06,"capacitor production, for surface-mounting",MLCC,GENERIC,CC0402_33PF_50V_5%_C0G,"SMD Multilayer Chip Ceramic Capacitor, 33pF, 50V, C0G, 0402",2,1.625e-06,NO,1.0,0.5,0.5,,6,7,0,,EcoInvent,Input,Dimmensiones information: https://www.torchcapacitor.com/high-q-multylayer-ceramic-chip-capacitor-0402 ,21,1,1,CALCULATED,0.00025,0.001625,6.5,MIN_MAX_AVG,
"C243, C244, C245, C246, C251, C252, C253",0402,Passives,Capacitors,kg,kg,1.1375e-05,1.1375e-05,"capacitor production, for surface-mounting",MLCC,GENERIC,CC0402_470NF_50V_10%_X5R,"SMD Multilayer Chip Ceramic Capacitor, 470nF, 50V, X5R, 0402",7,1.625e-06,NO,1.0,0.5,0.5,,6,7,0,,EcoInvent,Input,Dimmensiones information: https://www.torchcapacitor.com/high-q-multylayer-ceramic-chip-capacitor-0402 ,22,1,1,CALCULATED,0.00025,0.001625,6.5,MIN_MAX_AVG,
C263,0402,Passives,Capacitors,kg,kg,1.625e-06,1.625e-06,"capacitor production, for surface-mounting",MLCC,GENERIC,CC0402_100PF_50V_5%_C0G,"SMD Multilayer Chip Ceramic Capacitor, 100pF, 50V, C0G, 0402",1,1.625e-06,NO,1.0,0.5,0.5,,6,7,0,,EcoInvent,Input,Dimmensiones information: https://www.torchcapacitor.com/high-q-multylayer-ceramic-chip-capacitor-0402 ,23,1,1,CALCULATED,0.00025,0.001625,6.5,MIN_MAX_AVG,
"C45, C182, C183",C,Passives,Capacitors,kg,kg,0.0009,0.0009,"capacitor production, electrolyte type, < 2cm height",Tantalum,GENERIC,CTE6032-28_22UF_25V_10%_LESR0250,"Low ESR 0R25 Solid Tantalum Chip Capacitor, 22µF, 25V, 6032",3,0.0003,YES,,,,,,,,,EcoInvent,Input,mASS INFO: https://www.mouser.ch/ProductDetail/KEMET/T491C226M025AT2478?qs=xy9o06WtvdCrW9e4Ll4TFg%3D%3D,8,2,2,DATASHEET_QTY_KG,,0.3,,MISSING,
"D1, D3, D4, D5, D6, D7, D8, D9, D10, D11, D12, D13, D14, D34, D35, D36, D37, D40, D41, D42, D43, D44, D45, D46",SOD523,Discrete Semiconductors,Small Signal,kg,kg,3.84e-05,3.84e-05,"diode production, glass-, for surface-mounting",Diode,ON SEMICONDUCTOR,ESD351DPY,1 Channel 30KV ESD Protection Diode with Low Clamping Voltage,24,1.6e-06,YES,,,,,,,,,EcoInvent,Input,mas info: https://www.mouser.ch/ProductDetail/Texas-Instruments/ESD321DPYR?qs=w%2Fv1CP2dgqoz82xSjB3hKw%3D%3D&utm_id=22436684839&utm_source=google&utm_medium=cpc&utm_marketing_tactic=emeacorp&gad_source=1&gad_campaignid=22433179847&gbraid=0AAAAADn_wf1l8ruSsPF_DckQU7MzW_QXa&gclid=CjwKCAjwspPOBhB9EiwATFbi5Gb6CfCx7bDV5PaCgnjfeVkPBUioh6SyvV-N967xG0ujy-XaX5kZMxoCOPkQAvD_BwE,24,3,3,DATASHEET_QTY_KG,,0.0016,,MISSING,
D2,SOT23,Discrete Semiconductors,ESD Protection,kg,kg,8.2125e-06,8.2125e-06,"diode production, glass-, for surface-mounting",NXP,PRTR5V0U2X,40V 200mA PNP General Purpose Transistor,Ultra Low Capacitance (1pF) Double Rail-to-Rail ESD Protection Diode (8kV),1,8.2125e-06,NO,2.9,1.3,1,,1.2,1.3,0.0035,,EcoInvent,Input,SOT23-3 package; mass standard from casing.,25,4,4,CALCULATED,0.00377,0.008212,1.25,MIN_MAX_AVG,
"D15_CONTACT_OUT_0, D15_CONTACT_OUT_1, D15_CONTACT_OUT_2, D15_CONTACT_OUT_3, D15_CONTACT_OUT_4, D15_CONTACT_OUT_5",DO214AC,Discrete Semiconductors,Small Signal,kg,kg,0.000366,0.000366,"diode production, glass-, for surface-mounting",TVS,BOURNS,SMAJ60CA,Surface Mount Bi-directional Transient Voltage Suppressor Diode,6,6.1e-05,YES,,,,,,,,,EcoInvent,Input,DO-214AC (SMA) package; mass from typical SMAJ series (~0.12g).https://www.mouser.ch/ProductDetail/Littelfuse/SMAJ58CA?qs=zHiv0nsVGmqWEBj8DDvFYg%3D%3D&utm_id=9873308309&utm_source=google&utm_medium=cpc&utm_marketing_tactic=emeacorp&gad_source=1&gad_campaignid=9873308309&gbraid=0AAAAADn_wf0xksvJXPRZmGpTG3_AWCgE9&gclid=CjwKCAjwspPOBhB9EiwATFbi5DVFIS5iZ0I7SaEpkD6SkhO4yjgczxct-NmvBDTe0JJtc29rDoJWNxoCKXAQAvD_BwE,26,5,5,DATASHEET_QTY_KG,,0.061,,MISSING,
"D16, D17, D18, D19, D20, D21, D23, D24, D25, D26, D27, D28",0402,Discrete Semiconductors,Small Signal,kg,kg,1.95e-05,1.95e-05,"capacitor production, for surface-mounting",ESD Protection,TI,0402ESDA-MLP,0.05pF 8kV Bidirectional ESD Voltage Suppressor,12,1.625e-06,NO,1.0,0.5,0.5,,6,7,0,,EcoInvent,Input,,27,6,6,CALCULATED,0.00025,0.001625,6.5,MIN_MAX_AVG,
"D50, D51, D52, D53",SOD523,Discrete Semiconductors,Small Signal,kg,kg,6.4e-06,6.4e-06,"diode production, glass-, for surface-mounting",ESD Protection,NEXPERIA,PESD3V3S1UB,ESD protection diode (23kV),4,1.6e-06,YES,,,,,,,,,EcoInvent,Input,mass from casing,34,6,6,DATASHEET_QTY_KG,,0.0016,,MISSING,
"D30, D31, D54, D55, D56, D57, D58, D59, D60, D61, D62, D63, D64, D65",SOD123,Discrete Semiconductors,Small Signal,kg,kg,0.004662,0.004662,"diode production, glass-, for surface-mounting",Current Regulative,SEMITEC,S-103T,Current Regulative Diode (CRD),14,0.000333,YES,,,,,,,,,EcoInvent,Input,https://www.mouser.ch/ProductDetail/Semitec/S-103T?qs=wgO0AD0o1vvf9UGICXPRmQ%3D%3D&srsltid=AfmBOopD8b71ZGh61gk1tI5mDPGxJ7kz40yhpJ5_m9d2wYXbavCx1hei,28,7,7,DATASHEET_QTY_KG,,0.333,,MISSING,
"D32_DIG_FAST_IN_CCT_0, D32_DIG_FAST_IN_CCT_1, D32_DIG_FAST_IN_CCT_2, D32_DIG_FAST_IN_CCT_3, D32_DIG_FAST_IN_CCT_4, D32_DIG_FAST_IN_CCT_5, D32_DIG_FAST_IN_CCT_6, D32_DIG_FAST_IN_CCT_7, D32_DIG_FAST_IN_CCT_8, D32_DIG_FAST_IN_CCT_9, D32_DIG_FAST_IN_CCT_10, D32_DIG_FAST_IN_CCT_11, D32_DIG_FAST_IN_CCT_12, D32_DIG_FAST_IN_CCT_13",SOT23,Discrete Semiconductors,Small Signal,kg,kg,0.000114975,0.000114975,"diode production, glass-, for surface-mounting",Switching,DIODES INC.,BAS70-04,30V Silicon Hot-Carrier Detector and Switching Diode,14,8.2125e-06,NO,2.9,1.3,1,,1.2,1.3,0.0035,,EcoInvent,Input,SOT23-3 package; mass standard from casing.,29,8,8,CALCULATED,0.00377,0.008212,1.25,MIN_MAX_AVG,
"D33_DIG_FAST_IN_CCT_0, D33_DIG_FAST_IN_CCT_1, D33_DIG_FAST_IN_CCT_2, D33_DIG_FAST_IN_CCT_3, D33_DIG_FAST_IN_CCT_4, D33_DIG_FAST_IN_CCT_5, D33_DIG_FAST_IN_CCT_6, D33_DIG_FAST_IN_CCT_7, D33_DIG_FAST_IN_CCT_8, D33_DIG_FAST_IN_CCT_9, D33_DIG_FAST_IN_CCT_10, D33_DIG_FAST_IN_CCT_11, D33_DIG_FAST_IN_CCT_12, D33_DIG_FAST_IN_CCT_13",SOT23,Discrete Semiconductors,Small Signal,kg,kg,0.000114975,0.000114975,"diode production, glass-, for surface-mounting",Zener,NXP,BZX84-C4V7,Zener Voltage Regulator,14,8.2125e-06,NO,2.9,1.3,1,,1.2,1.3,0.0035,,EcoInvent,Input,SOT23-3 package; mass standard from casing.,30,9,9,CALCULATED,0.00377,0.008212,1.25,MIN_MAX_AVG,
D48,SOT23,Discrete Semiconductors,Small Signal,kg,kg,8.2125e-06,8.2125e-06,"diode production, glass-, for surface-mounting",Zener,DIODES INC.,BZX84C4V7,Zener Diode,1,8.2125e-06,NO,2.9,1.3,1,,1.2,1.3,0.0035,,EcoInvent,Input,SOT23-3 package; mass standard from casing.,33,9,9,CALCULATED,0.00377,0.008212,1.25,MIN_MAX_AVG,
"D38, D39",SOD123FL,Discrete Semiconductors,Power,kg,kg,3.6e-05,3.6e-05,"diode production, glass-, for surface-mounting",Schottky Rectifier,DIODES INC.,DFLS230,Schottky Barrier Rectifier,2,1.8e-05,YES,,,,,,,,,EcoInvent,Input,https://www.mouser.mx/ProductDetail/Diodes-Incorporated/DFLS230-7?qs=JV7lzlMm3yJTkwg6QdustA%3D%3D&srsltid=AfmBOoqPfUZr9EODjAGri1UBJpfeRZ8CapF2HzTbel3GD8i6hwPfW7Xa,31,10,10,DATASHEET_QTY_KG,,0.018,,MISSING,
D47,SOT23,Discrete Semiconductors,Small Signal,kg,kg,8.2125e-06,8.2125e-06,"diode production, glass-, for surface-mounting",Schottky,DIODES INC.,BAT54C,Dual Common Cathode Small Signal Schottky Diode,1,8.2125e-06,NO,2.9,1.3,1,,1.2,1.3,0.0035,,EcoInvent,Input,SOT23-3 package; mass standard from casing.,32,11,11,CALCULATED,0.00377,0.008212,1.25,MIN_MAX_AVG,
"F1, F2, F3, F4, F5, F6, F8, F9, F10, F11, F12, F13",1206,Passives,Protection,kg,kg,0.005688,0.005688,"electronic component, passive, unspecified",PTC Fuse,BOURNS,MF-SM030,"Surface Mount PTC Resettable Fuse, 300mA, 60V, PTS Series",12,0.000474,YES,,,,,,,,,EcoInvent,Input,Mass info: https://www.tme.eu/bg/en/details/mf-sm030-2/smd-polymer-fuses/bourns/,35,12,12,DATASHEET_QTY_KG,,0.474,,MISSING,
IC1,,IC,Logic / Mixed-Signal,kg,kg,0.000369,0.000369,"integrated circuit production, logic type",USB Interface,FTDI,FT4232H-56Q,Quad High Speed USB to Multipurpose UART/MPSSE IC,1,0.000369,YES,,,,,,,,,EcoInvent,Input,https://www.mouser.ch/ProductDetail/FTDI/FT4232H-56Q-REEL?qs=u4lROS522ZXOAajeXbX%2FmA%3D%3D&srsltid=AfmBOoo_CyuzmuQGSV8qIsJ3FK9ef2SL6_YhveYAmIMR28WsW7ui1qeg,36,13,13,DATASHEET_QTY_KG,,0.369,,MISSING,
IC2,,IC,Memory,kg,kg,6.5e-06,6.5e-06,"integrated circuit production, logic type",EEPROM,MICROCHIP,93LC56B-I/OT,"2K, 128X16-bit, 2.5V Microwire Compatible Serial EEPROM",1,6.5e-06,YES,,,,,,,,,EcoInvent,Input,https://www.mouser.ch/ProductDetail/Microchip-Technology/93LC56BT-I-OT?qs=lQv0JY93vrc7B5Rh5LPW8g%3D%3D&utm_id=22436684839&utm_source=google&utm_medium=cpc&utm_marketing_tactic=emeacorp&gad_source=1&gad_campaignid=22433179847&gbraid=0AAAAADn_wf1l8ruSsPF_DckQU7MzW_QXa&gclid=CjwKCAjwspPOBhB9EiwATFbi5D_n54ESvg5TFVXDGnzANCaxzjxC9ymSBAajzYRTqbLjRmIF6muWYhoC3QoQAvD_BwE,37,14,14,DATASHEET_QTY_KG,,0.0065,,MISSING,
IC52,SOIC8,IC,Memory,kg,kg,4.0131e-05,4.0131e-05,"integrated circuit production, logic type",EEPROM,MICROCHIP,24AA025E48-I/SN,"1.7V-5.5V, 2K I2C™ Serial EEPROMs with EUI-48™ Node Identity",1,4.0131e-05,NO,4.9,3.9,1.75,,1.2,1.2,,,EcoInvent,Input,Mass from casing,57,14,14,CALCULATED,0.0334425,0.040131,1.2,MIN_MAX_AVG,
IC3,,IC,Analog,kg,kg,6.3e-05,6.3e-05,"integrated circuit production, logic type",Power Management,MICROCHIP,MIC5219-3.3YM5,3.3V 500mA Peak Output Low Drop-Out (LDO) Regulator,1,6.3e-05,YES,,,,,,,,,EcoInvent,Input,SOT23-5 package; mass from volume (0.0051 cm³) × 1.25 + metal_extra 0.0015 = 0.0079 g.https://www.mouser.ch/ProductDetail/Microchip-Technology/MIC5219-33YM5-TR?qs=U6T8BxXiZAWojkIJMtSJlw%3D%3D&utm_id=22436684839&utm_source=google&utm_medium=cpc&utm_marketing_tactic=emeacorp&gad_source=1&gad_campaignid=22433179847&gbraid=0AAAAADn_wf1l8ruSsPF_DckQU7MzW_QXa&gclid=CjwKCAjwspPOBhB9EiwATFbi5Hvx8qEgGwKmH4k0hTk5ddJ9Ah036eQNJRXK517bGR5Dy3IbDm4sGhoCU8cQAvD_BwE,38,15,15,DATASHEET_QTY_KG,,0.063,,MISSING,
IC14,SOT89,IC,Analog,kg,kg,0.00019,0.00019,"integrated circuit production, logic type",Power Management,STMICROELECTRONICS,L78L05ACUTR,5V 100mA Positive Voltage Regulator,1,0.00019,YES,,,,,,,,,EcoInvent,Input,https://www.mouser.ch/ProductDetail/STMicroelectronics/L78L05ACUTR?qs=ea963RooIhgG%252BOLUK%2FI3vQ%3D%3D,45,15,15,DATASHEET_QTY_KG,,0.19,,MISSING,
IC16,SOT223,IC,Analog,kg,kg,0.000112,0.000112,"integrated circuit production, logic type",Power Management,TEXAS INSTRUMENTS,TLV1117-18IDCY,"1.8V, 800mA Low-Dropout Voltage Regulator",1,0.000112,YES,,,,,,,,,EcoInvent,Input,https://www.mouser.ch/ProductDetail/Texas-Instruments/TLV1117-18IDCY?qs=p6lVfQR1GSoxnN6%252Be%252BbeYw%3D%3D,47,15,15,DATASHEET_QTY_KG,,0.112,,MISSING,
IC41,LFCSP20,IC,Analog,kg,kg,5.84e-05,5.84e-05,"integrated circuit production, logic type",Power Management,ANALOG DEVICES,ADP5071ACP,2 A/1.2 A DC-to-DC Switching Regulator with Independent Positive and Negative Outputs,1,5.84e-05,YES,,,,,,,,,EcoInvent,Input,"LFCSP-20 4x4mm; volume 0.012 cm³, mass ~0.02 g.",52,15,15,DATASHEET_QTY_KG,,0.0584,,MISSING,
IC51,LGA25,IC,Analog,kg,kg,0.0005,0.0005,"electronic component production, active, unspecified",Power Management,ANALOG DEVICES,LTM4623EY,"4V-20V to 0.6V-5.5V, Iout 3A Step-Down DC/DC uModule Regulator",1,0.0005,YES,,,,,,,,,EcoInvent,Input,https://www.mouser.ch/ProductDetail/Analog-Devices/LTM4623EYPBF?qs=oahfZPh6IAKdnYwXJmocfg%3D%3D,56,15,15,DATASHEET_QTY_KG,,0.5,,MISSING,
"IC4, IC5, IC49",,IC,Analog,kg,kg,9.3e-05,9.3e-05,"integrated circuit production, logic type",Sensor,TEXAS INSTRUMENTS,LM75AIMM/NOPB,-25° to +100°C ±2°C Digital Temperature Sensor and Thermal Watchdog with Two-Wire Interface,3,3.1e-05,YES,,,,,,,,,EcoInvent,Input,https://www.mouser.ch/ProductDetail/Texas-Instruments/LM75AIMMX-NOPB?qs=QbsRYf82W3EzczEYb3tXUw%3D%3D&utm_id=22436684839&utm_source=google&utm_medium=cpc&utm_marketing_tactic=emeacorp&gad_source=1&gad_campaignid=22433179847&gbraid=0AAAAADn_wf1l8ruSsPF_DckQU7MzW_QXa&gclid=CjwKCAjwspPOBhB9EiwATFbi5JrjytZua-y5B42GK1_LaayPaVKI0IkQFsEFVSFcvQmqFsOT2AWlyhoCXIsQAvD_BwE,39,16,16,DATASHEET_QTY_KG,,0.031,,MISSING,
"IC6, IC7, IC60",,IC,Mixed-Signal,kg,kg,0.00162,0.00162,"integrated circuit production, logic type",Isolator,TEXAS INSTRUMENTS,ISO1541D,Low-Power Bi-Directional I2C Isolator,3,0.00054,YES,,,,,,,,,EcoInvent,Input,https://www.mouser.mx/ProductDetail/Texas-Instruments/ISO1541D?qs=rg6Iqu58vpX7sSwEg8DO7Q%3D%3D&srsltid=AfmBOorTK5TtypdwEgo56vH5tqzxL9x4Zpbt0RSDXoWLVfm-YZbnnuwQ,40,17,17,DATASHEET_QTY_KG,,0.54,,MISSING,
"IC8, IC42",,IC,Digital,kg,kg,0.0001,0.0001,"integrated circuit production, logic type",Logic,TEXAS INSTRUMENTS,SN74LVC8T245RHL,8-Bit Dual-Supply Bus Transceiver with Configurable Voltage Translation and 3-State Outputs,2,5e-05,YES,,,,,,,,,EcoInvent,Input,https://www.mouser.ch/ProductDetail/Texas-Instruments/SN74LVC8T245RHLR?qs=dT9u2OTAaVWMeuErzytHQg%3D%3D&srsltid=AfmBOopve09sA5PMaAvfty20jfjYyyxL3pM3-a_noOQlXR1kMdrqlZWP,41,18,18,DATASHEET_QTY_KG,,0.05,,MISSING,
"IC9, IC10, IC22, IC23, IC24, IC33, IC38",,IC,Digital,kg,kg,0.00035,0.00035,"integrated circuit production, logic type",Logic,TEXAS INSTRUMENTS,SN74AXC8T245RHL,8-Bit Dual-Supply Bus Transceiver with Configurable Voltage Translation and 3-State Outputs,7,5e-05,YES,,,,,,,,,EcoInvent,Input,Same VQFN-24.,42,18,18,DATASHEET_QTY_KG,,0.05,,MISSING,
"IC12, IC13, IC70, IC75",TSSOP14,IC,Digital,kg,kg,0.0002288,0.0002288,"integrated circuit production, logic type",Logic,TEXAS INSTRUMENTS,SN74LV02APW,Quadruple 2-Input Positive-NOR Gate,4,5.72e-05,YES,,,,,,,,,EcoInvent,Input,https://www.mouser.ch/ProductDetail/Texas-Instruments/SN74LV02APW?qs=UG%2F8xqv%2F6Wcp3JUxMEyKAQ%3D%3D,44,18,18,DATASHEET_QTY_KG,,0.0572,,MISSING,
IC43,TSSOP14,IC,Digital,kg,kg,5.72e-05,5.72e-05,"integrated circuit production, logic type",Logic,TEXAS INSTRUMENTS,SN74LVC14APW,Hex Schmitt-Trigger Inverter,1,5.72e-05,YES,,,,,,,,,EcoInvent,Input,TSSOP-14.,53,18,18,DATASHEET_QTY_KG,,0.0572,,MISSING,
"IC45, IC46, IC47, IC85",VQFN14,IC,Digital,kg,kg,0.0001288,0.0001288,"integrated circuit production, logic type",Logic,TEXAS INSTRUMENTS,SN74LVC07ARGY,Hex Buffer with Open-Drain Outputs,4,3.22e-05,YES,,,,,,,,,EcoInvent,Input,,55,18,18,DATASHEET_QTY_KG,,0.0322,,MISSING,
"IC53, IC54, IC55, IC58, IC59",UQFN10,IC,Digital,kg,kg,0.000155,0.000155,"integrated circuit production, logic type",Logic,TEXAS INSTRUMENTS,SN74AVC2T245RSWR,Dual-Bit Dual-Supply Bus Transceiver with Configurable Voltage Translation and 3-State Outputs,5,3.1e-05,YES,,,,,,,,,EcoInvent,Input,"UQFN-10; volume 0.0015 cm³, mass ~0.0024 g.",58,18,18,DATASHEET_QTY_KG,,0.031,,MISSING,
"IC66, IC68",TSSOP14,IC,Digital,kg,kg,0.0001144,0.0001144,"integrated circuit production, logic type",Logic,TEXAS INSTRUMENTS,SN74HCS4075PW,Triple 3-Input OR Gate with Schmitt-Trigger Inputs,2,5.72e-05,YES,,,,,,,,,EcoInvent,Input,TSSOP-14.,61,18,18,DATASHEET_QTY_KG,,0.0572,,MISSING,
"IC67, IC71, IC72, IC73, IC74",TSSOP14,IC,Digital,kg,kg,0.000286,0.000286,"integrated circuit production, logic type",Logic,TEXAS INSTRUMENTS,SN74LVC74APWT,Dual Positive-Edge-Triggered D-Type Flip Flop with Clear And Reset,5,5.72e-05,YES,,,,,,,,,EcoInvent,Input,TSSOP-14.,62,18,18,DATASHEET_QTY_KG,,0.0572,,MISSING,
"IC11_CONTACT_OUT_0, IC11_CONTACT_OUT_1, IC11_CONTACT_OUT_2, IC11_CONTACT_OUT_3, IC11_CONTACT_OUT_4, IC11_CONTACT_OUT_5",DIP6 SMD,Modules,Hybrid Relays,kg,kg,0.000427,0.000427,"electronic component production, active, unspecified",Solid State Relay,PANASONIC,AQV251A,"HE 1 Form A, PhotoMOS Relay, Low On-Resistance, 40V 500mA",1,0.000427,YES,,,,,,,,,EcoInvent,Input,The PhotoMOS is a solid-state relay combining an LED and MOSFETs in an SMD package. No specific ecoinvent dataset exists.,43,19,19,DATASHEET_QTY_KG,,0.427,,MISSING,
"IC15, IC17",TSSOP16,IC,Analog,kg,kg,0.000346,0.000346,"integrated circuit production, logic type",Driver,TEXAS INSTRUMENTS,TPL7407LAPW,30-V 7-Channel Low Side Driver,2,0.000173,YES,,,,,,,,,EcoInvent,Input,https://www.mouser.ch/ProductDetail/Texas-Instruments/TPL7407LAPWR?qs=5aG0NVq1C4w9BpsnF07yow%3D%3D,46,20,20,DATASHEET_QTY_KG,,0.173,,MISSING,
"IC18, IC19",TSSOP38,IC,Mixed-Signal,kg,kg,0.0005252,0.0005252,"integrated circuit production, logic type",Interface,TEXAS INSTRUMENTS,SN65MLVD082DGG,8-Channel Half-Duplex M-LVDS Line Transceiver,2,0.0002626,YES,,,,,,,,,EcoInvent,Input,"TSSOP-38; volume 9.7×4.4×1 = 0.0427 cm³, mass ~0.0634 g.",48,21,21,DATASHEET_QTY_KG,,0.2626,,MISSING,
"IC25, IC32, IC34, IC35, IC36, IC37, IC39, IC40",VSON8,IC,Digital,kg,kg,0.000192,0.000192,"integrated circuit production, logic type",Interface,TEXAS INSTRUMENTS,SN65HVD78DRB,"3.3-V Supply RS-485 With IEC ESD protection, 50Mbps",8,2.4e-05,YES,,,,,,,,,EcoInvent,Input,https://www.mouser.ch/ProductDetail/Texas-Instruments/SN65HVD78DRBR?qs=uuvYgmlZVOvZX%2Fzgsy5uJA%3D%3D,50,21,23,DATASHEET_QTY_KG,,0.024,,MISSING,
"IC26, IC27, IC28, IC29, IC30, IC31",VQFN16,IC,Digital,kg,kg,0.0002232,0.0002232,"integrated circuit production, logic type",Interface,TEXAS INSTRUMENTS,AM26LV31EIRGY,Low-Voltage High-Speed Quadruple Differential Line Driver with ±15-kV IEC ESD Protection,6,3.72e-05,YES,,,,,,,,,EcoInvent,Input,,51,21,23,DATASHEET_QTY_KG,,0.0372,,MISSING,
"IC20, IC21, IC76, IC77, IC78, IC79, IC81",SOIC8,IC,Optoelectronics,kg,kg,0.000280917,0.000280917,"integrated circuit production, logic type",Optocoupler,BROADCOM,HCPL-063L-000E,"Dual-Channel, High Speed LVTTL Compatible 3.3 Volt Optocoupler",7,4.0131e-05,NO,4.9,3.9,1.75,,1.2,1.2,,,EcoInvent,Input,Mass from casing,49,22,22,CALCULATED,0.0334425,0.040131,1.2,MIN_MAX_AVG,
"IC44_DIG_IND_IN_1, IC44_DIG_IND_IN_2, IC44_DIG_IND_IN_3, IC44_DIG_IND_IN_4, IC44_DIG_IND_IN_5, IC44_DIG_IND_IN_6, IC44_DIG_IND_IN_7, IC44_DIG_IND_IN_8, IC44_DIG_IND_IN_9, IC44_DIG_IND_IN_10, IC44_DIG_IND_IN_11, IC44_DIG_IND_IN_12, IC44_DIG_IND_IN_13, IC44_DIG_IND_IN_14",TSSOP24,IC,Mixed-Signal,kg,kg,0.0021,0.0021,"integrated circuit production, logic type",Isolated Digital Input,TEXAS INSTRUMENTS,ISO1228DFB,Eight-Channel Isolated Digital Input with Current Limit and Diagnostics,14,0.00015,YES,,,,,,,,,EcoInvent,Input,"TSSOP-24; volume 7.8×4.4×1 = 0.0343 cm³, mass ~0.053 g.",54,23,24,DATASHEET_QTY_KG,,0.15,,MISSING,
"IC56, IC57",VSSOP8,IC,Mixed-Signal,kg,kg,1.92e-05,1.92e-05,"integrated circuit production, logic type",Voltage Translator,TEXAS INSTRUMENTS,PCA9306DCUR,Dual Bidirectional I2C Bus and SMBus Voltage-Level Translator,2,9.6e-06,YES,,,,,,,,,EcoInvent,Input,VSSOP-8; mass ~0.0116 g.,59,24,25,DATASHEET_QTY_KG,,0.0096,,MISSING,
"IC61, IC62, IC63, IC64, IC65",VSSOP10,IC,Mixed-Signal,kg,kg,0.0001185,0.0001185,"integrated circuit production, logic type",Power Monitor,TEXAS INSTRUMENTS,INA226AIDGST,"High-or Low Side Measurement, Bi-Directional Current/Power Monitor with I2C Interface",5,2.37e-05,YES,,,,,,,,,EcoInvent,Input,VSSOP-10; same mass as VSSOP-8 (0.0116g).,60,25,26,DATASHEET_QTY_KG,,0.0237,,MISSING,
J1,,Electromechanical,Connectors,kg,kg,0.0162,0.0162,"electric connector production, peripheral type buss",High-Speed I/O,TE CONNECTIVITY,1-2007637-5,2x2 Press Fit SFP+ Cage and PT Connectors Assembly with EMI Springs,1,0.0162,YES,,,,,,,,,EcoInvent,Input,https://www.mouser.ch/ProductDetail/TE-Connectivity/1-2007637-5?qs=qnhXEskkPyvt9BrFBsiKkQ%3D%3D,63,26,27,DATASHEET_QTY_KG,,16.2,,MISSING,
"J2, J3, J4",,Electromechanical,Connectors,kg,kg,0.2214,0.2214,"electric connector production, peripheral type buss",High-Density Array,SAMTEC,ADF6-100-03.5-L-4-2-A,400 contacts (4 rows abcd) High-Density Slim Body Arrays Female Connector without Alignment Pin,3,0.0738,YES,,,,,,,,,EcoInvent,Input,https://www.tme.com/ph/en/details/adf6-60-03.5-l-4-2/board-to-board-connectors/samtec/adf6-60-03-5-l-4-2-a-tr/,64,27,28,DATASHEET_QTY_KG,,73.8,,MISSING,
J5,,Electromechanical,Connectors,kg,kg,0.015336,0.015336,"electric connector production, peripheral type buss",Right Angle Header,AMPHENOL,10052825-101LF,"72 Contacts, 2mm Pitch, 6 Columns, 4 Pairs per Column, 4 Walls, Right Angle Header",1,0.015336,YES,,,,,,,,,EcoInvent,Input,http://mouser.ch/ProductDetail/Amphenol-FCI/10052825-101LF?qs=qObghIyrWxrXt6HI1S6RBA%3D%3D,65,28,29,DATASHEET_QTY_KG,,15.336,,MISSING,
"J6, J13, J14",,Electromechanical,Connectors,kg,kg,0.046008,0.046008,"electric connector production, peripheral type buss",Right Angle Header,AMPHENOL,10052837-101LF,"96 Contacts, 2mm Pitch, 8 Columns, 4 Pairs per Column, 2 Walls, Right Angle Header",3,0.015336,YES,,,,,,,,,EcoInvent,Input,sAME AS THE PREVIOUS,66,28,29,DATASHEET_QTY_KG,,15.336,,MISSING,
J7,,Electromechanical,Connectors,kg,kg,0.010248,0.010248,"electric connector production, peripheral type buss",Modular Jack,ABRACON,ARJM11D7-502-AB-EW2,DC-10MBd Versatile Link Fiber Optic Analog Transmitter for 1 mm POF and 200 µm PCS,1,0.010248,YES,,,,,,,,,EcoInvent,Input,RJ45 with integrated magnetics; mass ~12g.,67,29,30,DATASHEET_QTY_KG,,10.248,,MISSING,
J8,,Electromechanical,Connectors,kg,kg,0.002841,0.002841,"electric connector production, peripheral type buss",USB,KYCON,KUSBX-SL-CS1N14-B,"USB 2.0 Type C Receptacle, High Temp., Flag Style Through Hole 14 Pin, Black",1,0.002841,YES,,,,,,,,,EcoInvent,Input,Mass from typical USB-C connectors (~3g).,68,30,31,DATASHEET_QTY_KG,,2.841,,MISSING,
J9,,Electromechanical,Connectors,kg,kg,0.0009276,0.0009276,"electric connector production, wire clamp",PicoBlade,MOLEX,530480310,"1.25mm Pitch, PicoBlade PCB Header, Right-Angle, Through Hole, Tin (Sn) Plating, Friction Lock, 3 Circuits, Tray, 2.30mm PC Tail Length",1,0.0009276,YES,,,,,,,,,EcoInvent,Input,https://www.mouser.ch/ProductDetail/Molex/53048-0310?qs=zXrbR4Jv0OfUlEeVnlaifA%3D%3D,69,31,32,DATASHEET_QTY_KG,,0.9276,,MISSING,
J10,,Electromechanical,Connectors,kg,kg,0.000279,0.000279,"electric connector production, wire clamp",PicoBlade,MOLEX,53261-1071,"1.25mm (.049\"") Pitch PicoBlade™ Surface Mount 10 Circuits Right Angle Header",1,0.000279,YES,,,,,,,,,EcoInvent,Input,Mass estimated (~1g).,70,31,32,DATASHEET_QTY_KG,,0.279,,MISSING,
J11,,Electromechanical,Connectors,kg,kg,0.0015,0.0015,"electric connector production, peripheral type buss",FFC/FPC,MOLEX,2203631200,"Easy-On FFC/FPC Connector, 0.40mm Pitch, FD4P Series, Right-Angle, Bottom Contact, 2.00mm Height, 120 Circuits, Gold over Nickel Plating",1,0.0015,YES,,,,,,,,,EcoInvent,Input,Mass estimated (~2g).,71,32,33,DATASHEET_QTY_KG,,1.5,,MISSING,
J12,,Electromechanical,Connectors,kg,kg,0.0005,0.0005,"electric connector production, peripheral type buss",FFC/FPC,MOLEX,2203630800,"Easy-On FFC/FPC Connector, 0.40mm Pitch, FD4P Series, Right-Angle, Bottom Contact, 2.00mm Height, 80 Circuits, Gold over Nickel Plating",1,0.0005,YES,,,,,,,,,EcoInvent,Input,Mass estimated (~1.5g).,72,32,33,DATASHEET_QTY_KG,,0.5,,MISSING,
"L1, L2, L3",0603,Passives,Inductors,kg,kg,1.536e-05,1.536e-05,"inductor production, low value multilayer chip",Ferrite Bead,MURATA,BLM18SG121TN1D,SMD EMIFIL Suppression Chip Ferrite Bead,3,5.12e-06,NO,1.6,0.8,0.8,,4.5,5.5,,,EcoInvent,Input,"Mass from casing, different density than in capacitors, the EcoInvent dataset is accurate",73,33,34,CALCULATED,0.001024,0.00512,5.0,MIN_MAX_AVG,
"L4, L5, L6, L7, L13, L14, L15, L16, L17",0603,Passives,Inductors,kg,kg,4.608e-05,4.608e-05,"inductor production, low value multilayer chip",Ferrite Bead,MURATA,BLM18SG221TN1,SMD EMIFIL Suppression Chip Ferrite Bead,9,5.12e-06,NO,1.6,0.8,0.8,,4.5,5.5,,,EcoInvent,Input,"Mass from casing, different density than in capacitors, the EcoInvent dataset is accurate",74,33,34,CALCULATED,0.001024,0.00512,5.0,MIN_MAX_AVG,
"L10, L12, L18, L19",0805,Passives,Inductors,kg,kg,4e-05,4e-05,"inductor production, low value multilayer chip",Ferrite Bead,WURTH,742792040,SMD EMI Suppression Chip Ferrite Bead (WE-CBF Series),4,1e-05,NO,2.0,1.25,0.8,,4.5,5.5,,0,EcoInvent,Input,MASS FROM CASING,77,33,34,CALCULATED,0.002,0.01,5.0,MIN_MAX_AVG,
"L11, L20, L21",0805,Passives,Inductors,kg,kg,3e-05,3e-05,"inductor production, low value multilayer chip",Ferrite Bead,WURTH,742792031,SMD EMI Suppression Chip Ferrite Bead (WE-CBF Series),3,1e-05,NO,2.0,1.25,0.8,,4.5,5.5,,0,EcoInvent,Input,MASS FROM CASING,78,33,34,CALCULATED,0.002,0.01,5.0,MIN_MAX_AVG,
L8,,Passives,Inductors,kg,kg,0.004,0.004,"inductor production, ring core choke type",AUTO,WURTH ELEKTRONIK,7447797180,1,2,0.002,YES,,,,,,,,,EcoInvent,Input,The ecoinvent model is of a 6.3 g so is closer than the other model. https://www.mouser.mx/ProductDetail/Wurth-Elektronik/7447797180?qs=J4sk5G6CMwZAcdfQztcYmw%3D%3D,75,34,35,DATASHEET_QTY_KG,,2.0,,MISSING,
L9,,Passives,Inductors,kg,kg,0.004,0.004,"inductor production, ring core choke type",AUTO,WURTH ELEKTRONIK,7447798221,1,2,0.002,YES,,,,,,,,,EcoInvent,Input,The ecoinvent model is of a 6.3 g so is closer than the other model. https://www.mouser.mx/ProductDetail/Wurth-Elektronik/7447797180?qs=J4sk5G6CMwZAcdfQztcYmw%3D%3D,76,34,35,DATASHEET_QTY_KG,,2.0,,MISSING,
LP5,,Hardware,Mounting Hardware,kg,kg,0.00129,0.00129,market for polycarbonate + injection moulding,AUTO,BIVAR,RLP4-200-500,"2-Way in One Rows, Right Angle 2.8mm Diameter LED Light Pipe",1,0.00129,YES,,,,,,,,,EcoInvent,Input,plastic part. mass in: https://www.mouser.mx/ProductDetail/Bivar/RLP4-200-500?qs=DTo5u7NUXXGTGKnPVKmOcQ%3D%3D,81,34,37,DATASHEET_QTY_KG,,1.29,,MISSING,
"PB1, PB2, PB3",,Electromechanical,Switches,kg,kg,6.6e-05,6.6e-05,"electronic component, passive, unspecified",AUTO,OMRON,B3U-1100P,"3x2.5mm Ultra-Small Tactile SPST Pushbutton Switch (with Ground Terminal),Contact Rating 50mA 12VDC, B3U Series",3,2.2e-05,YES,,,,,,,,,EcoInvent,Input,mass: https://www.mouser.mx/ProductDetail/Omron-Electronics/B3U-1100P?qs=q8ECNkb1%2FvMiNWwbhMFu4g%3D%3D,82,34,38,DATASHEET_QTY_KG,,0.022,,MISSING,
"LD1, LD2, LD3, LD4",,Discrete Semiconductors,Optoelectronics,kg,kg,0.00024,0.00024,light emitting diode production,LED,BROADCOM,HSMF-A203-A00J1,Bicolor Red/Emerald Green Surface Mount LED,4,6e-05,YES,,,,,,,,,EcoInvent,Input,https://www.mouser.mx/ProductDetail/Broadcom-Avago/HSMF-A203-A00J1?qs=YDL0qNrpDT4d43ReqF2t1Q%3D%3D,79,35,36,DATASHEET_QTY_KG,,0.06,,MISSING,
"LD5, LD6, LD7, LD8, LD9, LD10, LD11, LD12",0603,Discrete Semiconductors,Optoelectronics,kg,kg,4.096e-05,4.096e-05,light emitting diode production,LED,LITEON,LTST-C193KGKT-5A,"Extra Thin SMD Chip LED, Ultra Bright AlInGaP Green, Lens Water Clear",8,5.12e-06,NO,1.6,0.8,0.8,,4.5,5.5,,,EcoInvent,Input,mass from casing,80,35,36,CALCULATED,0.001024,0.00512,5.0,MIN_MAX_AVG,
Q1,,Passives,Crystals,kg,kg,1.6e-05,1.6e-05,"electronic component, passive, unspecified",Quartz,TXC,7M-12.000MAAJ-T,"±30ppm 18pF -20°C to +70°C  4 Pins, 3.2x2.5X0.8mm, SMD Sealing Crystal, 7M Series",1,1.6e-05,YES,,,,,,,,,EcoInvent,Input,Mass from volume (0.0064 cm³) × quartz/ceramic density (2.5 g/cm³) + metal_extra 0.001 = 0.017 g.,83,36,39,DATASHEET_QTY_KG,,0.016,,MISSING,
"R1, R2, R40, R41, R42, R43, R44, R45, R119, R120, R121, R122, R123, R124, R125, R126, R216, R217, R218, R219, R220, R221, R222, R223",0402,Passives,Resistors,kg,kg,1.95e-05,1.95e-05,"resistor production, surface-mounted",Thick Film,GENERIC,R0402_56R_1%_0.0625W_100PPM,"General Purpose Thick Film Chip Resistor, 56Ω, 1%, 0.0625W",24,8.125e-07,NO,1.0,0.5,0.35,,3,4,0.0002,0,EcoInvent,Input,Mass from volume (0.000175 cm³) × 3.5 g/cm³ + metal_extra 0.0002 = 0.0008125 g. Generic 0402 resistor.,84,37,40,CALCULATED,0.000175,0.000812,3.5,MIN_MAX_AVG,
"R3, R4, R5, R6, R7, R8, R11, R12, R13, R14, R35_CONTACT_OUT_0, R35_CONTACT_OUT_1, R35_CONTACT_OUT_2, R35_CONTACT_OUT_3, R35_CONTACT_OUT_4, R35_CONTACT_OUT_5, R48, R49, R51, R68, R71_DIG_IND_IN_1, R71_DIG_IND_IN_2, R71_DIG_IND_IN_3, R71_DIG_IND_IN_4, R71_DIG_IND_IN_5, R71_DIG_IND_IN_6, R71_DIG_IND_IN_7, R71_DIG_IND_IN_8, R71_DIG_IND_IN_9, R71_DIG_IND_IN_10, R71_DIG_IND_IN_11, R71_DIG_IND_IN_12, R71_DIG_IND_IN_13, R71_DIG_IND_IN_14, R73_DIG_IND_IN_1, R73_DIG_IND_IN_2, R73_DIG_IND_IN_3, R73_DIG_IND_IN_4, R73_DIG_IND_IN_5, R73_DIG_IND_IN_6, R73_DIG_IND_IN_7, R73_DIG_IND_IN_8, R73_DIG_IND_IN_9, R73_DIG_IND_IN_10, R73_DIG_IND_IN_11, R73_DIG_IND_IN_12, R73_DIG_IND_IN_13, R73_DIG_IND_IN_14, R74_DIG_IND_IN_1, R74_DIG_IND_IN_2, R74_DIG_IND_IN_3, R74_DIG_IND_IN_4, R74_DIG_IND_IN_5, R74_DIG_IND_IN_6, R74_DIG_IND_IN_7, R74_DIG_IND_IN_8, R74_DIG_IND_IN_9, R74_DIG_IND_IN_10, R74_DIG_IND_IN_11, R74_DIG_IND_IN_12, R74_DIG_IND_IN_13, R74_DIG_IND_IN_14, R152, R153, R154, R157, R158, R159, R160, R181, R184, R185, R187, R193, R194, R224_P24V_FUSE1, R224_P24V_FUSE2, R224_P24V_FUSE3, R224_P24V_FUSE4, R224_P24V_FUSE5, R224_P24V_FUSE6, R224_P24V_FUSE7, R224_P24V_FUSE8, R225",0402,Passives,Resistors,kg,kg,6.825e-05,6.825e-05,"resistor production, surface-mounted",Thick Film,GENERIC,R0402_1K_1%_0.0625W_100PPM,General Purpose Thick Film Chip Resistor,84,8.125e-07,NO,1.0,0.5,0.35,,3,4,0.0002,0,EcoInvent,Input,Same 0402 resistor mass.,85,37,40,CALCULATED,0.000175,0.000812,3.5,MIN_MAX_AVG,
R9,0402,Passives,Resistors,kg,kg,8.125e-07,8.125e-07,"resistor production, surface-mounted",Thick Film,GENERIC,R0402_12K_1%_0.0625W_100PPM,General Purpose Thick Film Chip Resistor,1,8.125e-07,NO,1.0,0.5,0.35,,3,4,0.0002,0,EcoInvent,Input,0402.,86,37,40,CALCULATED,0.000175,0.000812,3.5,MIN_MAX_AVG,
"R10, R15",0402,Passives,Resistors,kg,kg,1.625e-06,1.625e-06,"resistor production, surface-mounted",Thick Film,GENERIC,R0402_2K2_1%_0.0625W_100PPM,General Purpose Thick Film Chip Resistor,2,8.125e-07,NO,1.0,0.5,0.35,,3,4,0.0002,0,EcoInvent,Input,0402.,87,37,40,CALCULATED,0.000175,0.000812,3.5,MIN_MAX_AVG,
"R16, R17, R18, R19, R20, R21, R22, R23, R24, R25, R26, R27, R28, R29, R30, R31, R133, R134, R135, R136, R137, R138, R139, R140, R141, R142, R143, R144, R145, R146, R147, R148, R149, R172, R177",0402,Passives,Resistors,kg,kg,2.84375e-05,2.84375e-05,"resistor production, surface-mounted",Thick Film,GENERIC,R0402_4K7_1%_0.0625W_100PPM,General Purpose Thick Film Chip Resistor,35,8.125e-07,NO,1.0,0.5,0.35,,3,4,0.0002,0,EcoInvent,Input,0402.,88,37,40,CALCULATED,0.000175,0.000812,3.5,MIN_MAX_AVG,
"R32_DIG_FAST_IN_CCT_0, R32_DIG_FAST_IN_CCT_1, R32_DIG_FAST_IN_CCT_2, R32_DIG_FAST_IN_CCT_3, R32_DIG_FAST_IN_CCT_4, R32_DIG_FAST_IN_CCT_5, R32_DIG_FAST_IN_CCT_6, R32_DIG_FAST_IN_CCT_7, R32_DIG_FAST_IN_CCT_8, R32_DIG_FAST_IN_CCT_9, R32_DIG_FAST_IN_CCT_10, R32_DIG_FAST_IN_CCT_11, R32_DIG_FAST_IN_CCT_12, R32_DIG_FAST_IN_CCT_13",0402,Passives,Resistors,kg,kg,1.1375e-05,1.1375e-05,"resistor production, surface-mounted",Thick Film,GENERIC,R0402_100R_1%_0.0625W_100PPM,General Purpose Thick Film Chip Resistor,14,8.125e-07,NO,1.0,0.5,0.35,,3,4,0.0002,0,EcoInvent,Input,0402.,89,37,40,CALCULATED,0.000175,0.000812,3.5,MIN_MAX_AVG,
"R33_CONTACT_OUT_0, R33_CONTACT_OUT_1, R33_CONTACT_OUT_2, R33_CONTACT_OUT_3, R33_CONTACT_OUT_4, R33_CONTACT_OUT_5",0402,Passives,Resistors,kg,kg,4.875e-06,4.875e-06,"resistor production, surface-mounted",Thick Film,GENERIC,R0402_430R_1%_0.0625W_100PPM,General Purpose Thick Film Chip Resistor,6,8.125e-07,NO,1.0,0.5,0.35,,3,4,0.0002,0,EcoInvent,Input,0402.,90,37,40,CALCULATED,0.000175,0.000812,3.5,MIN_MAX_AVG,
"R34_CONTACT_OUT_0, R34_CONTACT_OUT_1, R34_CONTACT_OUT_2, R34_CONTACT_OUT_3, R34_CONTACT_OUT_4, R34_CONTACT_OUT_5",0805,Passives,Resistors,kg,kg,3.225e-05,3.225e-05,"resistor production, surface-mounted",Thick Film,GENERIC,R0805_1R1_1%_0.125W_200PPM,General Purpose Thick Film Chip Resistor,6,5.375e-06,NO,2.0,1.25,0.5,,3,4,0.001,0,EcoInvent,Input,0805 resistor; mass from volume (0.00125 cm³) × 3.5 + metal_extra 0.001 = 0.005375 g.,91,37,40,CALCULATED,0.00125,0.005375,3.5,MIN_MAX_AVG,
"R36, R37, R200, R201, R202, R203, R204, R205, R206, R207, R208, R209, R210, R211, R212, R213, R214, R215",0402,Passives,Resistors,kg,kg,1.4625e-05,1.4625e-05,"resistor production, surface-mounted",Thick Film,GENERIC,R0402_1K_1%_0.0625W_100PPM,General Purpose Thick Film Chip Resistor,18,8.125e-07,NO,1.0,0.5,0.35,,3,4,0.0002,0,EcoInvent,Input,0402.,92,37,40,CALCULATED,0.000175,0.000812,3.5,MIN_MAX_AVG,
"R38_DIG_FAST_IN_CCT_0, R38_DIG_FAST_IN_CCT_1, R38_DIG_FAST_IN_CCT_2, R38_DIG_FAST_IN_CCT_3, R38_DIG_FAST_IN_CCT_4, R38_DIG_FAST_IN_CCT_5, R38_DIG_FAST_IN_CCT_6, R38_DIG_FAST_IN_CCT_7, R38_DIG_FAST_IN_CCT_8, R38_DIG_FAST_IN_CCT_9, R38_DIG_FAST_IN_CCT_10, R38_DIG_FAST_IN_CCT_11, R38_DIG_FAST_IN_CCT_12, R38_DIG_FAST_IN_CCT_13",0402,Passives,Resistors,kg,kg,1.1375e-05,1.1375e-05,"resistor production, surface-mounted",Thick Film,GENERIC,R0402_470R_1%_0.0625W_100PPM,General Purpose Thick Film Chip Resistor,14,8.125e-07,NO,1.0,0.5,0.35,,3,4,0.0002,0,EcoInvent,Input,0402.,93,37,40,CALCULATED,0.000175,0.000812,3.5,MIN_MAX_AVG,
"R46, R47, R190_P24V_FUSE1, R190_P24V_FUSE2, R190_P24V_FUSE3, R190_P24V_FUSE4, R190_P24V_FUSE5, R190_P24V_FUSE6, R190_P24V_FUSE7, R190_P24V_FUSE8",0402,Passives,Resistors,kg,kg,8.125e-06,8.125e-06,"resistor production, surface-mounted",Thick Film,GENERIC,R0402_82K_1%_0.0625W_100PPM,General Purpose Thick Film Chip Resistor,10,8.125e-07,NO,1.0,0.5,0.35,,3,4,0.0002,0,EcoInvent,Input,0402.,95,37,40,CALCULATED,0.000175,0.000812,3.5,MIN_MAX_AVG,
R50,0402,Passives,Resistors,kg,kg,8.125e-07,8.125e-07,"resistor production, surface-mounted",Thick Film,GENERIC,R0402_NO-VALUE,Reserved Footprint For a 0402 (1005) Chip Resistor,1,8.125e-07,NO,1.0,0.5,0.35,,3,4,0.0002,0,EcoInvent,Input,Not populated; mass 0.,96,37,40,CALCULATED,0.000175,0.000812,3.5,MIN_MAX_AVG,
R52,0402,Passives,Resistors,kg,kg,8.125e-07,8.125e-07,"resistor production, surface-mounted",Thick Film,GENERIC,R0402_NO-VALUE,Reserved Footprint For a 0402 (1005) Chip Resistor,1,8.125e-07,NO,1.0,0.5,0.35,,3,4,0.0002,0,EcoInvent,Input,Not populated.,97,37,40,CALCULATED,0.000175,0.000812,3.5,MIN_MAX_AVG,
R53,0402,Passives,Resistors,kg,kg,8.125e-07,8.125e-07,"resistor production, surface-mounted",Thick Film,GENERIC,R0402_NO-VALUE,Reserved Footprint For a 0402 (1005) Chip Resistor,1,8.125e-07,NO,1.0,0.5,0.35,,3,4,0.0002,0,EcoInvent,Input,Not populated.,98,37,40,CALCULATED,0.000175,0.000812,3.5,MIN_MAX_AVG,
R54,0402,Passives,Resistors,kg,kg,8.125e-07,8.125e-07,"resistor production, surface-mounted",Thick Film,GENERIC,R0402_220K_1%_0.0625W_100PPM,General Purpose Thick Film Chip Resistor,1,8.125e-07,NO,1.0,0.5,0.35,,3,4,0.0002,0,EcoInvent,Input,0402.,99,37,40,CALCULATED,0.000175,0.000812,3.5,MIN_MAX_AVG,
R55,0402,Passives,Resistors,kg,kg,8.125e-07,8.125e-07,"resistor production, surface-mounted",Thick Film,GENERIC,R0402_NO-VALUE,Reserved Footprint For a 0402 (1005) Chip Resistor,1,8.125e-07,NO,1.0,0.5,0.35,,3,4,0.0002,0,EcoInvent,Input,Not populated.,100,37,40,CALCULATED,0.000175,0.000812,3.5,MIN_MAX_AVG,
R56,0402,Passives,Resistors,kg,kg,8.125e-07,8.125e-07,"resistor production, surface-mounted",Thick Film,GENERIC,R0402_NO-VALUE,Reserved Footprint For a 0402 (1005) Chip Resistor,1,8.125e-07,NO,1.0,0.5,0.35,,3,4,0.0002,0,EcoInvent,Input,Not populated.,101,37,40,CALCULATED,0.000175,0.000812,3.5,MIN_MAX_AVG,
R57,0402,Passives,Resistors,kg,kg,8.125e-07,8.125e-07,"resistor production, surface-mounted",Thick Film,GENERIC,R0402_NO-VALUE,Reserved Footprint For a 0402 (1005) Chip Resistor,1,8.125e-07,NO,1.0,0.5,0.35,,3,4,0.0002,0,EcoInvent,Input,Not populated.,102,37,40,CALCULATED,0.000175,0.000812,3.5,MIN_MAX_AVG,
"R58, R59, R60, R61, R62, R63, R64, R65, R79, R80, R81, R82, R83, R84, R85, R86, R87, R88, R89, R90, R91, R92, R93, R94, R95, R96, R97, R98, R99, R100, R101, R102, R103, R104, R105, R106, R107, R108, R109, R110, R111, R112, R113, R114, R115, R116, R117, R118",0402,Passives,Resistors,kg,kg,3.9e-05,3.9e-05,"resistor production, surface-mounted",Thick Film,GENERIC,R0402_10K_1%_0.0625W_100PPM,General Purpose Thick Film Chip Resistor,48,8.125e-07,NO,1.0,0.5,0.35,,3,4,0.0002,0,EcoInvent,Input,0402.,103,37,40,CALCULATED,0.000175,0.000812,3.5,MIN_MAX_AVG,
R127,0402,Passives,Resistors,kg,kg,8.125e-07,8.125e-07,"resistor production, surface-mounted",Thick Film,GENERIC,R0402_110K_1%_0.0625W_100PPM,General Purpose Thick Film Chip Resistor,1,8.125e-07,NO,1.0,0.5,0.35,,3,4,0.0002,0,EcoInvent,Input,0402.,107,37,40,CALCULATED,0.000175,0.000812,3.5,MIN_MAX_AVG,
R128,0402,Passives,Resistors,kg,kg,8.125e-07,8.125e-07,"resistor production, surface-mounted",Thick Film,GENERIC,R0402_300K_1%_0.0625W_100PPM,General Purpose Thick Film Chip Resistor,1,8.125e-07,NO,1.0,0.5,0.35,,3,4,0.0002,0,EcoInvent,Input,0402.,108,37,40,CALCULATED,0.000175,0.000812,3.5,MIN_MAX_AVG,
R129,0402,Passives,Resistors,kg,kg,8.125e-07,8.125e-07,"resistor production, surface-mounted",Thick Film,GENERIC,R0402_15K_1%_0.0625W_100PPM,General Purpose Thick Film Chip Resistor,1,8.125e-07,NO,1.0,0.5,0.35,,3,4,0.0002,0,EcoInvent,Input,0402.,109,37,40,CALCULATED,0.000175,0.000812,3.5,MIN_MAX_AVG,
R130,0402,Passives,Resistors,kg,kg,8.125e-07,8.125e-07,"resistor production, surface-mounted",Thick Film,GENERIC,R0402_13K_1%_0.0625W_100PPM,General Purpose Thick Film Chip Resistor,1,8.125e-07,NO,1.0,0.5,0.35,,3,4,0.0002,0,EcoInvent,Input,0402.,110,37,40,CALCULATED,0.000175,0.000812,3.5,MIN_MAX_AVG,
R131,0402,Passives,Resistors,kg,kg,8.125e-07,8.125e-07,"resistor production, surface-mounted",Thick Film,GENERIC,R0402_40K2_1%_0.0625W_100PPM,General Purpose Thick Film Chip Resistor,1,8.125e-07,NO,1.0,0.5,0.35,,3,4,0.0002,0,EcoInvent,Input,0402.,111,37,40,CALCULATED,0.000175,0.000812,3.5,MIN_MAX_AVG,
R132,0805,Passives,Resistors,kg,kg,8.125e-07,8.125e-07,"resistor production, surface-mounted",Thick Film,GENERIC,R0805_1M_1%_0.125W_100PPM,General Purpose Thick Film Chip Resistor,1,8.125e-07,NO,1.0,0.5,0.35,,3,4,0.0002,0,EcoInvent,Input,0805 resistor.,112,37,40,CALCULATED,0.000175,0.000812,3.5,MIN_MAX_AVG,
R150,0402,Passives,Resistors,kg,kg,8.125e-07,8.125e-07,"resistor production, surface-mounted",Thick Film,GENERIC,R0402_162K_1%_0.063W_100PPM,General Purpose Thick Film Chip Resistor,1,8.125e-07,NO,1.0,0.5,0.35,,3,4,0.0002,0,EcoInvent,Input,0402.,113,37,40,CALCULATED,0.000175,0.000812,3.5,MIN_MAX_AVG,
R151,0402,Passives,Resistors,kg,kg,8.125e-07,8.125e-07,"resistor production, surface-mounted",Thick Film,GENERIC,R0402_13K3_1%_0.0625W_100PPM,General Purpose Thick Film Chip Resistor,1,8.125e-07,NO,1.0,0.5,0.35,,3,4,0.0002,0,EcoInvent,Input,0402.,114,37,40,CALCULATED,0.000175,0.000812,3.5,MIN_MAX_AVG,
"R155, R156",0402,Passives,Resistors,kg,kg,1.625e-06,1.625e-06,"resistor production, surface-mounted",Thick Film,GENERIC,R0402_200K_1%_0.0625W_100PPM,General Purpose Thick Film Chip Resistor,2,8.125e-07,NO,1.0,0.5,0.35,,3,4,0.0002,0,EcoInvent,Input,0402.,115,37,40,CALCULATED,0.000175,0.000812,3.5,MIN_MAX_AVG,
"R161, R163, R165, R167, R168, R170, R171, R173, R174, R176",0402,Passives,Resistors,kg,kg,8.125e-06,8.125e-06,"resistor production, surface-mounted",Thick Film,GENERIC,R0402_8R2_1%_0.0625W_200PPM,General Purpose Thick Film Chip Resistor,10,8.125e-07,NO,1.0,0.5,0.35,,3,4,0.0002,0,EcoInvent,Input,0402.,116,37,40,CALCULATED,0.000175,0.000812,3.5,MIN_MAX_AVG,
"R162, R166, R169",0805,Passives,Resistors,kg,kg,2.4375e-06,2.4375e-06,"resistor production, surface-mounted",Thick Film,GENERIC,R0805_0R05_1%_0.25W_300PPM,Low Resistance Thick Film Chip Resistor,3,8.125e-07,NO,1.0,0.5,0.35,,3,4,0.0002,0,EcoInvent,Input,0805 resistor.,117,37,40,CALCULATED,0.000175,0.000812,3.5,MIN_MAX_AVG,
R164,0805,Passives,Resistors,kg,kg,8.125e-07,8.125e-07,"resistor production, surface-mounted",Thick Film,GENERIC,R0805_1K_1%_0.125W_100PPM,General Purpose Thick Film Chip Resistor,1,8.125e-07,NO,1.0,0.5,0.35,,3,4,0.0002,0,EcoInvent,Input,0805 resistor.,118,37,40,CALCULATED,0.000175,0.000812,3.5,MIN_MAX_AVG,
"R178_P24V_FUSE1, R178_P24V_FUSE2, R178_P24V_FUSE3, R178_P24V_FUSE4, R178_P24V_FUSE5, R178_P24V_FUSE6, R178_P24V_FUSE7, R178_P24V_FUSE8",0402,Passives,Resistors,kg,kg,6.5e-06,6.5e-06,"resistor production, surface-mounted",Thick Film,GENERIC,R0402_620K_1%_0.0625W_100PPM,General Purpose Thick Film Chip Resistor,8,8.125e-07,NO,1.0,0.5,0.35,,3,4,0.0002,0,EcoInvent,Input,0402.,120,37,40,CALCULATED,0.000175,0.000812,3.5,MIN_MAX_AVG,
"R182, R183, R195, R196",0402,Passives,Resistors,kg,kg,3.25e-06,3.25e-06,"resistor production, surface-mounted",Thick Film,GENERIC,R0402_330R_1%_0.0625W_100PPM,General Purpose Thick Film Chip Resistor,4,8.125e-07,NO,1.0,0.5,0.35,,3,4,0.0002,0,EcoInvent,Input,0402.,122,37,40,CALCULATED,0.000175,0.000812,3.5,MIN_MAX_AVG,
R186,0402,Passives,Resistors,kg,kg,8.125e-07,8.125e-07,"resistor production, surface-mounted",Thick Film,GENERIC,R0402_43K_1%_0.0625W_100PPM,General Purpose Thick Film Chip Resistor,1,8.125e-07,NO,1.0,0.5,0.35,,3,4,0.0002,0,EcoInvent,Input,0402.,123,37,40,CALCULATED,0.000175,0.000812,3.5,MIN_MAX_AVG,
"R188_P24V_FUSE1, R188_P24V_FUSE2, R188_P24V_FUSE3, R188_P24V_FUSE4, R188_P24V_FUSE5, R188_P24V_FUSE6, R188_P24V_FUSE7, R188_P24V_FUSE8",0402,Passives,Resistors,kg,kg,6.5e-06,6.5e-06,"resistor production, surface-mounted",Thick Film,GENERIC,R0402_9K1_1%_0.0625W_100PPM,General Purpose Thick Film Chip Resistor,8,8.125e-07,NO,1.0,0.5,0.35,,3,4,0.0002,0,EcoInvent,Input,0402.,124,37,40,CALCULATED,0.000175,0.000812,3.5,MIN_MAX_AVG,
"R189_P24V_FUSE1, R189_P24V_FUSE2, R189_P24V_FUSE3, R189_P24V_FUSE4, R189_P24V_FUSE5, R189_P24V_FUSE6, R189_P24V_FUSE7, R189_P24V_FUSE8",0402,Passives,Resistors,kg,kg,6.5e-06,6.5e-06,"resistor production, surface-mounted",Thick Film,GENERIC,R0402_30K_1%_0.0625W_100PPM,General Purpose Thick Film Chip Resistor,8,8.125e-07,NO,1.0,0.5,0.35,,3,4,0.0002,0,EcoInvent,Input,0402.,125,37,40,CALCULATED,0.000175,0.000812,3.5,MIN_MAX_AVG,
"R191, R192, R197, R198",0402,Passives,Resistors,kg,kg,3.25e-06,3.25e-06,"resistor production, surface-mounted",Thick Film,GENERIC,R0402_22R_1%_0.0625W_100PPM,General Purpose Thick Film Chip Resistor,4,8.125e-07,NO,1.0,0.5,0.35,,3,4,0.0002,0,EcoInvent,Input,0402.,126,37,40,CALCULATED,0.000175,0.000812,3.5,MIN_MAX_AVG,
"R39_DIG_FAST_IN_CCT_0, R39_DIG_FAST_IN_CCT_1, R39_DIG_FAST_IN_CCT_2, R39_DIG_FAST_IN_CCT_3, R39_DIG_FAST_IN_CCT_4, R39_DIG_FAST_IN_CCT_5, R39_DIG_FAST_IN_CCT_6, R39_DIG_FAST_IN_CCT_7, R39_DIG_FAST_IN_CCT_8, R39_DIG_FAST_IN_CCT_9, R39_DIG_FAST_IN_CCT_10, R39_DIG_FAST_IN_CCT_11, R39_DIG_FAST_IN_CCT_12, R39_DIG_FAST_IN_CCT_13",0402,Passives,Resistors,kg,kg,1.1375e-05,1.1375e-05,"resistor production, surface-mounted",Thin Film,GENERIC,R0402_10K_0.1%_0.0625W_25PPM,Precision Surface Mount Resistor,14,8.125e-07,NO,1.0,0.5,0.35,,3,4,0.0002,0,EcoInvent,Input,0402 thin film; mass same as thick film.,94,38,41,CALCULATED,0.000175,0.000812,3.5,MIN_MAX_AVG,
"R66_DIG_IND_IN_1, R66_DIG_IND_IN_2, R66_DIG_IND_IN_3, R66_DIG_IND_IN_4, R66_DIG_IND_IN_5, R66_DIG_IND_IN_6, R66_DIG_IND_IN_7, R66_DIG_IND_IN_8, R66_DIG_IND_IN_9, R66_DIG_IND_IN_10, R66_DIG_IND_IN_11, R66_DIG_IND_IN_12, R66_DIG_IND_IN_13, R66_DIG_IND_IN_14, R70_DIG_IND_IN_1, R70_DIG_IND_IN_2, R70_DIG_IND_IN_3, R70_DIG_IND_IN_4, R70_DIG_IND_IN_5, R70_DIG_IND_IN_6, R70_DIG_IND_IN_7, R70_DIG_IND_IN_8, R70_DIG_IND_IN_9, R70_DIG_IND_IN_10, R70_DIG_IND_IN_11, R70_DIG_IND_IN_12, R70_DIG_IND_IN_13, R70_DIG_IND_IN_14, R75_DIG_IND_IN_1, R75_DIG_IND_IN_2, R75_DIG_IND_IN_3, R75_DIG_IND_IN_4, R75_DIG_IND_IN_5, R75_DIG_IND_IN_6, R75_DIG_IND_IN_7, R75_DIG_IND_IN_8, R75_DIG_IND_IN_9, R75_DIG_IND_IN_10, R75_DIG_IND_IN_11, R75_DIG_IND_IN_12, R75_DIG_IND_IN_13, R75_DIG_IND_IN_14, R77_DIG_IND_IN_1, R77_DIG_IND_IN_2, R77_DIG_IND_IN_3, R77_DIG_IND_IN_4, R77_DIG_IND_IN_5, R77_DIG_IND_IN_6, R77_DIG_IND_IN_7, R77_DIG_IND_IN_8, R77_DIG_IND_IN_9, R77_DIG_IND_IN_10, R77_DIG_IND_IN_11, R77_DIG_IND_IN_12, R77_DIG_IND_IN_13, R77_DIG_IND_IN_14, R199_DIG_IND_IN_1, R199_DIG_IND_IN_2, R199_DIG_IND_IN_3, R199_DIG_IND_IN_4, R199_DIG_IND_IN_5, R199_DIG_IND_IN_6, R199_DIG_IND_IN_7, R199_DIG_IND_IN_8, R199_DIG_IND_IN_9, R199_DIG_IND_IN_10, R199_DIG_IND_IN_11, R199_DIG_IND_IN_12, R199_DIG_IND_IN_13, R199_DIG_IND_IN_14",MELF,Passives,Resistors,kg,kg,0.0013573,0.0013573,"resistor production, surface-mounted",Thin Film,GENERIC,RMELF_2K2_1%_0.2W_50PPM,"Thin Film Mini-MELF Resistors, 2.2kΩ, 1%, 0.2W",70,1.939e-05,NO,,,,0.00554,3,4,,0,EcoInvent,Input,MELF (Mini-MELF) cylindrical package; mass from volume (cylinder: π×0.8²×3.6 mm³ = 7.24 mm³ = 0.00724 cm³) × 3.5 g/cm³ + metal_extra 0.002 = 0.0273 g.,104,38,41,CALCULATED,0.00554,0.01939,3.5,MIN_MAX_AVG,
"R67_DIG_IND_IN_1, R67_DIG_IND_IN_2, R67_DIG_IND_IN_3, R67_DIG_IND_IN_4, R67_DIG_IND_IN_5, R67_DIG_IND_IN_6, R67_DIG_IND_IN_7, R67_DIG_IND_IN_8, R67_DIG_IND_IN_9, R67_DIG_IND_IN_10, R67_DIG_IND_IN_11, R67_DIG_IND_IN_12, R67_DIG_IND_IN_13, R67_DIG_IND_IN_14, R69_DIG_IND_IN_1, R69_DIG_IND_IN_2, R69_DIG_IND_IN_3, R69_DIG_IND_IN_4, R69_DIG_IND_IN_5, R69_DIG_IND_IN_6, R69_DIG_IND_IN_7, R69_DIG_IND_IN_8, R69_DIG_IND_IN_9, R69_DIG_IND_IN_10, R69_DIG_IND_IN_11, R69_DIG_IND_IN_12, R69_DIG_IND_IN_13, R69_DIG_IND_IN_14, R72_DIG_IND_IN_1, R72_DIG_IND_IN_2, R72_DIG_IND_IN_3, R72_DIG_IND_IN_4, R72_DIG_IND_IN_5, R72_DIG_IND_IN_6, R72_DIG_IND_IN_7, R72_DIG_IND_IN_8, R72_DIG_IND_IN_9, R72_DIG_IND_IN_10, R72_DIG_IND_IN_11, R72_DIG_IND_IN_12, R72_DIG_IND_IN_13, R72_DIG_IND_IN_14, R76_DIG_IND_IN_1, R76_DIG_IND_IN_2, R76_DIG_IND_IN_3, R76_DIG_IND_IN_4, R76_DIG_IND_IN_5, R76_DIG_IND_IN_6, R76_DIG_IND_IN_7, R76_DIG_IND_IN_8, R76_DIG_IND_IN_9, R76_DIG_IND_IN_10, R76_DIG_IND_IN_11, R76_DIG_IND_IN_12, R76_DIG_IND_IN_13, R76_DIG_IND_IN_14",0805,Passives,Resistors,kg,kg,0.000301,0.000301,"resistor production, surface-mounted",Thin Film,GENERIC,R0805_10K_0.1%_0.125W_25PPM,Thin Film Chip Resistor,56,5.375e-06,NO,2.0,1.25,0.5,,3,4,0.001,0,EcoInvent,Input,0805 thin film; same mass as 0805 thick film.,105,38,41,CALCULATED,0.00125,0.005375,3.5,MIN_MAX_AVG,
"R78_DIG_IND_IN_1, R78_DIG_IND_IN_2, R78_DIG_IND_IN_3, R78_DIG_IND_IN_4, R78_DIG_IND_IN_5, R78_DIG_IND_IN_6, R78_DIG_IND_IN_7, R78_DIG_IND_IN_8, R78_DIG_IND_IN_9, R78_DIG_IND_IN_10, R78_DIG_IND_IN_11, R78_DIG_IND_IN_12, R78_DIG_IND_IN_13, R78_DIG_IND_IN_14",0402,Passives,Resistors,kg,kg,1.1375e-05,1.1375e-05,"resistor production, surface-mounted",Thin Film,GENERIC,R0402_5K1_0.1%_0.0625W_25PPM,Thin Film Chip Resistor,14,8.125e-07,NO,1.0,0.5,0.35,,3,4,0.0002,0,EcoInvent,Input,0402 thin film.,106,38,41,CALCULATED,0.000175,0.000812,3.5,MIN_MAX_AVG,
"R175, R180",1206,Passives,Resistors,kg,kg,2.5712e-05,2.5712e-05,"resistor production, surface-mounted",Current Sense,OHMITE,LVK20R002FER,"Four Terminal High Precision Current Sense, 0.002Ω, 1%, 0.75W",2,1.2856e-05,NO,3.2,1.6,0.55,,3,4,0.003,0,EcoInvent,Input,"1206 current sense resistor; same dimensions as standard 1206 resistor, mass ~0.012g.",119,39,42,CALCULATED,0.002816,0.012856,3.5,MIN_MAX_AVG,
R179,0402,Passives,Resistors,kg,kg,8.125e-07,8.125e-07,"resistor production, surface-mounted",Zero Ohm,GENERIC,R0402_0R_JUMPER,1A (0.05R Max DC Resistance) Zero Ohm Jumper,1,8.125e-07,NO,1.0,0.5,0.35,,3,4,0.0002,0,EcoInvent,Input,0402 zero ohm jumper; mass same as 0402 resistor.,121,40,43,CALCULATED,0.000175,0.000812,3.5,MIN_MAX_AVG,
SW1,DIP,Electromechanical,Switches,kg,kg,0.00014,0.00014,"electronic component, passive, unspecified",DIP Switch,TE CONNECTIVITY,1571983-4,"4 Way SPST SMD DIP Switch, Latched, Contact Rating 0.025A 24VDC",1,0.00014,NO,6.2,4.5,1.45,0.072,1.2,1.3,0.05,0,EcoInvent,Input,Passive too general but accepted,127,41,44,CALCULATED,0.072,0.14,1.25,MIN_MAX_AVG,
"T1, T3",SOT23,Discrete Semiconductors,Small Signal,kg,kg,1.6425e-05,1.6425e-05,"transistor production, surface-mounted",MOSFET,ONSEMI,BSS138LT1G,"50V, 200mA N-Channel Enhancement Mode Field-Effect Transistor",2,8.2125e-06,NO,2.9,1.3,1,,1.2,1.3,0.0035,,EcoInvent,Input,Mass from casing,128,42,45,CALCULATED,0.00377,0.008212,1.25,MIN_MAX_AVG,
"T2_CONTACT_OUT_0, T2_CONTACT_OUT_1, T2_CONTACT_OUT_2, T2_CONTACT_OUT_3, T2_CONTACT_OUT_4, T2_CONTACT_OUT_5",SOT23,Discrete Semiconductors,Small Signal,kg,kg,4.9275e-05,4.9275e-05,"transistor production, surface-mounted",MOSFET,NEXPERIA,NX138BKW,"60V, 210mA, N-Channel Trench MOSFET",6,8.2125e-06,NO,2.9,1.3,1,,1.2,1.3,0.0035,,EcoInvent,Input,Mass from casing,129,42,45,CALCULATED,0.00377,0.008212,1.25,MIN_MAX_AVG,
