Designators,Casing,Section,Subsection,Category,Manufacturer,Part_Number,Description,number_elements,unit,Quantity_per_element,Has_datasheet_info,L_mm,W_mm,H_mm,Volume_cm3_excel,Density_min_g_cm3,Density_max_g_cm3,Metal_extra_g,mass_space_relation_m2/kg,Database,Ecoinvent_flow,Ecoinvent_unit,Direction,Comments,,,,,,,,,,,,,,,
PCB,,PCB,,,,,,1,m2,,YES,195,100,,,,,,3.08,EcoInvent,"printed wiring board production, for through-hole mounting, Pb free surface",m2,Input,"The only model of bare PCB",,,,,,,,,,,,,,,
"C1, C2, C5, C7, C9, C11, C14, C15, C16, C17, C18, C20, C21, C23, C24, C26, C27, C29, C30, C32, C33, C35, C36, C38, C39, C41, C44, C47, C48, C49, C50, C54, C55, C58, C59, C60, C61, C62, C63, C64, C65, C66, C67, C68, C69, C70, C71, C78, C79, C80, C81, C86, C87, C88, C89, C94, C96, C99, C106, C108, C110, C111, C112, C113, C116, C117, C118, C119, C120, C122, C123, C124, C125, C126, C128, C129, C130, C131, C132, C133, C134, C135, C138, C139, C140, C141, C142, C143, C167_DIG_IND_IN_1, C167_DIG_IND_IN_2, C167_DIG_IND_IN_3, C167_DIG_IND_IN_4, C167_DIG_IND_IN_5, C167_DIG_IND_IN_6, C167_DIG_IND_IN_7, C167_DIG_IND_IN_8, C167_DIG_IND_IN_9, C167_DIG_IND_IN_10, C167_DIG_IND_IN_11, C167_DIG_IND_IN_12, C167_DIG_IND_IN_13, C167_DIG_IND_IN_14, C171, C173, C175, C187, C189, C190, C191, C192, C193, C194, C195, C196, C197, C198, C199, C200, C201, C202, C203, C204, C205, C206, C207, C208, C213, C214, C215, C216, C217, C218, C219, C220, C221, C222, C223, C224, C228, C229, C230, C231, C232, C233, C234, C235, C236, C237, C238, C239, C240, C241, C242, C257, C258, C261, C262, C270, C271, C272, C274, C275, C276, C277, C278, C279, C280, C288",0402,Passives,Capacitors,MLCC,GENERIC,CC0402_100NF_50V_10%_X7R,"SMD Multilayer Chip Ceramic Capacitor, 100nF, 50V, X7R, 0402",168,kg,,NO,1.0,0.5,0.5,,6,7,0,,EcoInvent,"capacitor production, for surface-mounting",kg,Input,"Dimmensiones information: https://www.torchcapacitor.com/high-q-multylayer-ceramic-chip-capacitor-0402 ",,,,,,,,,,,,,,,
"C3, C4",0402,Passives,Capacitors,MLCC,GENERIC,CC0402_22PF_50V_5%_C0G,"SMD Multilayer Chip Ceramic Capacitor, 22pF, 50V, C0G, 0402",2,kg,,NO,1.0,0.5,0.5,,6,7,0,,EcoInvent,"capacitor production, for surface-mounting",kg,Input,"Dimmensiones information: https://www.torchcapacitor.com/high-q-multylayer-ceramic-chip-capacitor-0402 ",,,,,,,,,,,,,,,
"C6, C13, C22, C25, C28, C31, C34, C37, C40, C109, C115, C121, C127",0603,Passives,Capacitors,MLCC,GENERIC,CC0603_22UF_10V_20%_X5R,"SMD Multilayer Chip Ceramic Capacitor, 22µF, 10V, X5R, 0603",13,kg,,NO,1.6,0.8,0.8,,6,7,0,,EcoInvent,"capacitor production, for surface-mounting",kg,Input,"Dimmensiones information: https://www.torchcapacitor.com/high-q-multylayer-ceramic-chip-capacitor-0402 ",,,,,,,,,,,,,,,
"C8, C10, C19",0402,Passives,Capacitors,MLCC,GENERIC,CC0402_4.7UF_6.3V_20%_X5R,"SMD Multilayer Chip Ceramic Capacitor, 4.7µF, 6.3V, X5R, 0402",3,kg,,NO,1.0,0.5,0.5,,6,7,0,,EcoInvent,"capacitor production, for surface-mounting",kg,Input,"Dimmensiones information: https://www.torchcapacitor.com/high-q-multylayer-ceramic-chip-capacitor-0402 ",,,,,,,,,,,,,,,
"C12, C46, C51, C52, C53, C170, C172, C174, C273",0402,Passives,Capacitors,MLCC,GENERIC,CC0402_10UF_6.3V_20%_X5R,"SMD Multilayer Chip Ceramic Capacitor, 10µF, 6.3V, X5R, 0402",9,kg,,NO,1.0,0.5,0.5,,6,7,0,,EcoInvent,"capacitor production, for surface-mounting",kg,Input,"Dimmensiones information: https://www.torchcapacitor.com/high-q-multylayer-ceramic-chip-capacitor-0402 ",,,,,,,,,,,,,,,
"C42, C160, C165, C166, C177, C178, C179, C184, C185, C186, C264",1210,Passives,Capacitors,MLCC,GENERIC,CC1210_10UF_75V_10%_X7R,"SMD Multilayer Chip Ceramic Capacitor, 10µF, 75V, X7R, 1210",11,kg,,NO,3.18,2.41,1.4,,6,7,0,,EcoInvent,"capacitor production, for surface-mounting",kg,Input,"Dimmensiones information: https://www.torchcapacitor.com/high-q-multylayer-ceramic-chip-capacitor-0402 ",,,,,,,,,,,,,,,
C43,1210,Passives,Capacitors,MLCC,GENERIC,CC1210_47UF_16V_10%_X5R,"SMD Multilayer Chip Ceramic Capacitor, 47µF, 16V, X5R, 1210",1,kg,,NO,3.18,2.41,1.4,,6,7,0,,EcoInvent,"capacitor production, for surface-mounting",kg,Input,"Dimmensiones information: https://www.torchcapacitor.com/high-q-multylayer-ceramic-chip-capacitor-0402 ",,,,,,,,,,,,,,,
"C45, C182, C183",C,Passives,Capacitors,Tantalum,GENERIC,CTE6032-28_22UF_25V_10%_LESR0250,"Low ESR 0R25 Solid Tantalum Chip Capacitor, 22µF, 25V, 6032",3,kg,0.0003,YES,,,,,,,,,EcoInvent,"capacitor production, electrolyte type, < 2cm height",kg,Input,"mASS INFO: https://www.mouser.ch/ProductDetail/KEMET/T491C226M025AT2478?qs=xy9o06WtvdCrW9e4Ll4TFg%3D%3D",,,,,,,,,,,,,,,
"C56, C57, C72, C73, C74, C75, C76, C77, C82, C83, C84, C85, C90, C91, C93, C95, C97, C98, C100, C101, C136, C137, C144, C145, C146, C147, C148, C149, C150, C151, C152, C153, C154, C155, C156, C157, C211, C212, C247, C248, C249, C250, C254, C255, C256, C259, C260, C281, C282, C283, C284, C285, C286, C287, C289, C290, C291",0805,Passives,Capacitors,MLCC,GENERIC,CC0805_100NF_50V_10%_X7R,"SMD Multilayer Chip Ceramic Capacitor, 100nF, 50V, X7R, 0805",57,kg,,NO,2.0,1.25,0.8,,6,7,0,,EcoInvent,"capacitor production, for surface-mounting",kg,Input,"Dimmensiones information: https://www.torchcapacitor.com/high-q-multylayer-ceramic-chip-capacitor-0402 ",,,,,,,,,,,,,,,
"C92_CONTACT_OUT_0, C92_CONTACT_OUT_1, C92_CONTACT_OUT_2, C92_CONTACT_OUT_3, C92_CONTACT_OUT_4, C92_CONTACT_OUT_5",0805,Passives,Capacitors,MLCC,GENERIC,CC0805_1UF_100V_10%_X7S,"SMD Multilayer Chip Ceramic Capacitor, 1µF, 100V, X7S, 0805",6,kg,,NO,2.0,1.25,0.8,,6,7,0,,EcoInvent,"capacitor production, for surface-mounting",kg,Input,"Dimmensiones information: https://www.torchcapacitor.com/high-q-multylayer-ceramic-chip-capacitor-0402 ",,,,,,,,,,,,,,,
"C105, C107, C163, C164, C225_P24V_FUSE1, C225_P24V_FUSE2, C225_P24V_FUSE3, C225_P24V_FUSE4, C225_P24V_FUSE5, C225_P24V_FUSE6, C225_P24V_FUSE7, C225_P24V_FUSE8, C226_P24V_FUSE1, C226_P24V_FUSE2, C226_P24V_FUSE3, C226_P24V_FUSE4, C226_P24V_FUSE5, C226_P24V_FUSE6, C226_P24V_FUSE7, C226_P24V_FUSE8",0603,Passives,Capacitors,MLCC,GENERIC,CC0603_100NF_50V_10%_X7R,"SMD Multilayer Chip Ceramic Capacitor, 100nF, 50V, X7R, 0603",20,kg,,NO,1.6,0.8,0.8,,6,7,0,,EcoInvent,"capacitor production, for surface-mounting",kg,Input,"Dimmensiones information: https://www.torchcapacitor.com/high-q-multylayer-ceramic-chip-capacitor-0402 ",,,,,,,,,,,,,,,
C114,1808,Passives,Capacitors,MLCC,GENERIC,CC1808_1NF_3000V_10%_X7R,"SMD Multilayer Chip Ceramic Capacitor, 1nF, 3000V, X7R, 1808",1,kg,,NO,4.5,2.0,1.6,,6,7,0,,EcoInvent,"capacitor production, for surface-mounting",kg,Input,"Dimmensions info: https://www.fhcomp.com/en/product_page/?code=010103&page=57",,,,,,,,,,,,,,,
C158,0402,Passives,Capacitors,MLCC,GENERIC,CC0402_NO-VALUE,"Reserved Footprint For 0402(1005) Chip Ceramic Capacitor",1,kg,,NO,1.0,0.5,0.5,,6,7,0,,EcoInvent,"capacitor production, for surface-mounting",kg,Input,"Dimmensiones information: https://www.torchcapacitor.com/high-q-multylayer-ceramic-chip-capacitor-0402 ",,,,,,,,,,,,,,,
C159,0402,Passives,Capacitors,MLCC,GENERIC,CC0402_NO-VALUE,"Reserved Footprint For 0402(1005) Chip Ceramic Capacitor",1,kg,,NO,1.0,0.5,0.5,,6,7,0,,EcoInvent,"capacitor production, for surface-mounting",kg,Input,"Dimmensiones information: https://www.torchcapacitor.com/high-q-multylayer-ceramic-chip-capacitor-0402 ",,,,,,,,,,,,,,,
C161,0402,Passives,Capacitors,MLCC,GENERIC,CC0402_15NF_50V_5%_X7R,"SMD Multilayer Chip Ceramic Capacitor, 15nF, 50V, X7R, 0402",1,kg,,NO,1.0,0.5,0.5,,6,7,0,,EcoInvent,"capacitor production, for surface-mounting",kg,Input,"Dimmensiones information: https://www.torchcapacitor.com/high-q-multylayer-ceramic-chip-capacitor-0402 ",,,,,,,,,,,,,,,
C162,0402,Passives,Capacitors,MLCC,GENERIC,CC0402_47PF_50V_5%_C0G,"SMD Multilayer Chip Ceramic Capacitor, 47pF, 50V, C0G, 0402",1,kg,,NO,1.0,0.5,0.5,,6,7,0,,EcoInvent,"capacitor production, for surface-mounting",kg,Input,"Dimmensiones information: https://www.torchcapacitor.com/high-q-multylayer-ceramic-chip-capacitor-0402 ",,,,,,,,,,,,,,,
"C168_DIG_IND_IN_1, C168_DIG_IND_IN_2, C168_DIG_IND_IN_3, C168_DIG_IND_IN_4, C168_DIG_IND_IN_5, C168_DIG_IND_IN_6, C168_DIG_IND_IN_7, C168_DIG_IND_IN_8, C168_DIG_IND_IN_9, C168_DIG_IND_IN_10, C168_DIG_IND_IN_11, C168_DIG_IND_IN_12, C168_DIG_IND_IN_13, C168_DIG_IND_IN_14",0603,Passives,Capacitors,MLCC,GENERIC,CC0603_100NF_50V_10%_X7R,"SMD Multilayer Chip Ceramic Capacitor, 100nF, 50V, X7R, 0603",14,kg,,NO,1.6,0.8,0.8,,6,7,0,,EcoInvent,"capacitor production, for surface-mounting",kg,Input,"Dimmensiones information: https://www.torchcapacitor.com/high-q-multylayer-ceramic-chip-capacitor-0402 ",,,,,,,,,,,,,,,
"C169_DIG_IND_IN_1, C169_DIG_IND_IN_2, C169_DIG_IND_IN_3, C169_DIG_IND_IN_4, C169_DIG_IND_IN_5, C169_DIG_IND_IN_6, C169_DIG_IND_IN_7, C169_DIG_IND_IN_8, C169_DIG_IND_IN_9, C169_DIG_IND_IN_10, C169_DIG_IND_IN_11, C169_DIG_IND_IN_12, C169_DIG_IND_IN_13, C169_DIG_IND_IN_14",0603,Passives,Capacitors,MLCC,GENERIC,CC0603_100NF_50V_10%_X7R,"SMD Multilayer Chip Ceramic Capacitor, 100nF, 50V, X7R, 0603",14,kg,,NO,1.6,0.8,0.8,,6,7,0,,EcoInvent,"capacitor production, for surface-mounting",kg,Input,"Dimmensiones information: https://www.torchcapacitor.com/high-q-multylayer-ceramic-chip-capacitor-0402 ",,,,,,,,,,,,,,,
"C176, C180, C265, C266",0805,Passives,Capacitors,MLCC,GENERIC,CC0805_1UF_100V_10%_X7S,"SMD Multilayer Chip Ceramic Capacitor, 1µF, 100V, X7S, 0805",6,kg,,NO,2.0,1.25,0.8,,6,7,0,,EcoInvent,"capacitor production, for surface-mounting",kg,Input,"0805 MLCC.",,,,,,,,,,,,,,,
"C181, C227_P24V_FUSE1, C227_P24V_FUSE2, C227_P24V_FUSE3, C227_P24V_FUSE4, C227_P24V_FUSE5, C227_P24V_FUSE6, C227_P24V_FUSE7, C227_P24V_FUSE8",0402,Passives,Capacitors,MLCC,GENERIC,CC0402_10NF_25V_10%_X7R,"SMD Multilayer Chip Ceramic Capacitor, 10nF, 25V, X7R, 0402",9,kg,,NO,1.0,0.5,0.5,,6,7,0,,EcoInvent,"capacitor production, for surface-mounting",kg,Input,"Dimmensiones information: https://www.torchcapacitor.com/high-q-multylayer-ceramic-chip-capacitor-0402 ",,,,,,,,,,,,,,,
"C209, C210",0402,Passives,Capacitors,MLCC,GENERIC,CC0402_33PF_50V_5%_C0G,"SMD Multilayer Chip Ceramic Capacitor, 33pF, 50V, C0G, 0402",2,kg,,NO,1.0,0.5,0.5,,6,7,0,,EcoInvent,"capacitor production, for surface-mounting",kg,Input,"Dimmensiones information: https://www.torchcapacitor.com/high-q-multylayer-ceramic-chip-capacitor-0402 ",,,,,,,,,,,,,,,
"C243, C244, C245, C246, C251, C252, C253",0402,Passives,Capacitors,MLCC,GENERIC,CC0402_470NF_50V_10%_X5R,"SMD Multilayer Chip Ceramic Capacitor, 470nF, 50V, X5R, 0402",7,kg,,NO,1.0,0.5,0.5,,6,7,0,,EcoInvent,"capacitor production, for surface-mounting",kg,Input,"Dimmensiones information: https://www.torchcapacitor.com/high-q-multylayer-ceramic-chip-capacitor-0402 ",,,,,,,,,,,,,,,
C263,0402,Passives,Capacitors,MLCC,GENERIC,CC0402_100PF_50V_5%_C0G,"SMD Multilayer Chip Ceramic Capacitor, 100pF, 50V, C0G, 0402",1,kg,,NO,1.0,0.5,0.5,,6,7,0,,EcoInvent,"capacitor production, for surface-mounting",kg,Input,"Dimmensiones information: https://www.torchcapacitor.com/high-q-multylayer-ceramic-chip-capacitor-0402 ",,,,,,,,,,,,,,,
"D1, D3, D4, D5, D6, D7, D8, D9, D10, D11, D12, D13, D14, D34, D35, D36, D37, D40, D41, D42, D43, D44, D45, D46",SOD523,Discrete Semiconductors,Small Signal,Diode,ON SEMICONDUCTOR,ESD351DPY,"1 Channel 30KV ESD Protection Diode with Low Clamping Voltage",24,kg,0.0000016,YES,,,,,,,,,EcoInvent,"diode production, glass-, for surface-mounting",kg,Input,"mas info: https://www.mouser.ch/ProductDetail/Texas-Instruments/ESD321DPYR?qs=w%2Fv1CP2dgqoz82xSjB3hKw%3D%3D&utm_id=22436684839&utm_source=google&utm_medium=cpc&utm_marketing_tactic=emeacorp&gad_source=1&gad_campaignid=22433179847&gbraid=0AAAAADn_wf1l8ruSsPF_DckQU7MzW_QXa&gclid=CjwKCAjwspPOBhB9EiwATFbi5Gb6CfCx7bDV5PaCgnjfeVkPBUioh6SyvV-N967xG0ujy-XaX5kZMxoCOPkQAvD_BwE",,,,,,,,,,,,,,,
D2,SOT23,Discrete Semiconductors,ESD Protection,NXP,PRTR5V0U2X,40V 200mA PNP General Purpose Transistor,"Ultra Low Capacitance (1pF) Double Rail-to-Rail ESD Protection Diode (8kV)",1,kg,,NO,2.9,1.3,1,,1.2,1.3,0.0035,,EcoInvent,"diode production, glass-, for surface-mounting",kg,Input,"SOT23-3 package; mass standard from casing.",,,,,,,,,,,,,,,
"D15_CONTACT_OUT_0, D15_CONTACT_OUT_1, D15_CONTACT_OUT_2, D15_CONTACT_OUT_3, D15_CONTACT_OUT_4, D15_CONTACT_OUT_5",DO214AC,Discrete Semiconductors,Small Signal,TVS,BOURNS,SMAJ60CA,"Surface Mount Bi-directional Transient Voltage Suppressor Diode",6,kg,0.000061,YES,,,,,,,,,EcoInvent,"diode production, glass-, for surface-mounting",kg,Input,"DO-214AC (SMA) package; mass from typical SMAJ series (~0.12g).https://www.mouser.ch/ProductDetail/Littelfuse/SMAJ58CA?qs=zHiv0nsVGmqWEBj8DDvFYg%3D%3D&utm_id=9873308309&utm_source=google&utm_medium=cpc&utm_marketing_tactic=emeacorp&gad_source=1&gad_campaignid=9873308309&gbraid=0AAAAADn_wf0xksvJXPRZmGpTG3_AWCgE9&gclid=CjwKCAjwspPOBhB9EiwATFbi5DVFIS5iZ0I7SaEpkD6SkhO4yjgczxct-NmvBDTe0JJtc29rDoJWNxoCKXAQAvD_BwE",,,,,,,,,,,,,,,
"D16, D17, D18, D19, D20, D21, D23, D24, D25, D26, D27, D28",0402,Discrete Semiconductors,Small Signal,ESD Protection,TI,0402ESDA-MLP,"0.05pF 8kV Bidirectional ESD Voltage Suppressor",12,kg,,NO,1.0,0.5,0.5,,6,7,0,,EcoInvent,"capacitor production, for surface-mounting",kg,Input,,,,,,,,,,,,,,,,
"D30, D31, D54, D55, D56, D57, D58, D59, D60, D61, D62, D63, D64, D65",SOD123,Discrete Semiconductors,Small Signal,Current Regulative,SEMITEC,S-103T,"Current Regulative Diode (CRD)",14,kg,0.000333,YES,,,,,,,,,EcoInvent,"diode production, glass-, for surface-mounting",kg,Input,"https://www.mouser.ch/ProductDetail/Semitec/S-103T?qs=wgO0AD0o1vvf9UGICXPRmQ%3D%3D&srsltid=AfmBOopD8b71ZGh61gk1tI5mDPGxJ7kz40yhpJ5_m9d2wYXbavCx1hei",,,,,,,,,,,,,,,
"D32_DIG_FAST_IN_CCT_0, D32_DIG_FAST_IN_CCT_1, D32_DIG_FAST_IN_CCT_2, D32_DIG_FAST_IN_CCT_3, D32_DIG_FAST_IN_CCT_4, D32_DIG_FAST_IN_CCT_5, D32_DIG_FAST_IN_CCT_6, D32_DIG_FAST_IN_CCT_7, D32_DIG_FAST_IN_CCT_8, D32_DIG_FAST_IN_CCT_9, D32_DIG_FAST_IN_CCT_10, D32_DIG_FAST_IN_CCT_11, D32_DIG_FAST_IN_CCT_12, D32_DIG_FAST_IN_CCT_13",SOT23,Discrete Semiconductors,Small Signal,Switching,DIODES INC.,BAS70-04,"30V Silicon Hot-Carrier Detector and Switching Diode",14,kg,,NO,2.9,1.3,1,,1.2,1.3,0.0035,,EcoInvent,"diode production, glass-, for surface-mounting",kg,Input,"SOT23-3 package; mass standard from casing.",,,,,,,,,,,,,,,
"D33_DIG_FAST_IN_CCT_0, D33_DIG_FAST_IN_CCT_1, D33_DIG_FAST_IN_CCT_2, D33_DIG_FAST_IN_CCT_3, D33_DIG_FAST_IN_CCT_4, D33_DIG_FAST_IN_CCT_5, D33_DIG_FAST_IN_CCT_6, D33_DIG_FAST_IN_CCT_7, D33_DIG_FAST_IN_CCT_8, D33_DIG_FAST_IN_CCT_9, D33_DIG_FAST_IN_CCT_10, D33_DIG_FAST_IN_CCT_11, D33_DIG_FAST_IN_CCT_12, D33_DIG_FAST_IN_CCT_13",SOT23,Discrete Semiconductors,Small Signal,Zener,NXP,BZX84-C4V7,"Zener Voltage Regulator",14,kg,,NO,2.9,1.3,1,,1.2,1.3,0.0035,,EcoInvent,"diode production, glass-, for surface-mounting",kg,Input,"SOT23-3 package; mass standard from casing.",,,,,,,,,,,,,,,
"D38, D39",SOD123FL,Discrete Semiconductors,Power,Schottky Rectifier,DIODES INC.,DFLS230,"Schottky Barrier Rectifier",2,kg,0.000018,YES,,,,,,,,,EcoInvent,"diode production, glass-, for surface-mounting",kg,Input,"https://www.mouser.mx/ProductDetail/Diodes-Incorporated/DFLS230-7?qs=JV7lzlMm3yJTkwg6QdustA%3D%3D&srsltid=AfmBOoqPfUZr9EODjAGri1UBJpfeRZ8CapF2HzTbel3GD8i6hwPfW7Xa",,,,,,,,,,,,,,,
D47,SOT23,Discrete Semiconductors,Small Signal,Schottky,DIODES INC.,BAT54C,"Dual Common Cathode Small Signal Schottky Diode",1,kg,,NO,2.9,1.3,1,,1.2,1.3,0.0035,,EcoInvent,"diode production, glass-, for surface-mounting",kg,Input,"SOT23-3 package; mass standard from casing.",,,,,,,,,,,,,,,
D48,SOT23,Discrete Semiconductors,Small Signal,Zener,DIODES INC.,BZX84C4V7,"Zener Diode",1,kg,,NO,2.9,1.3,1,,1.2,1.3,0.0035,,EcoInvent,"diode production, glass-, for surface-mounting",kg,Input,"SOT23-3 package; mass standard from casing.",,,,,,,,,,,,,,,
"D50, D51, D52, D53",SOD523,Discrete Semiconductors,Small Signal,ESD Protection,NEXPERIA,PESD3V3S1UB,"ESD protection diode (23kV)",4,kg,0.0000016,YES,,,,,,,,,EcoInvent,"diode production, glass-, for surface-mounting",kg,Input,"mass from casing",,,,,,,,,,,,,,,
"F1, F2, F3, F4, F5, F6, F8, F9, F10, F11, F12, F13",1206,Passives,Protection,PTC Fuse,BOURNS,MF-SM030,"Surface Mount PTC Resettable Fuse, 300mA, 60V, PTS Series",12,kg,0.000474,YES,,,,,,,,,EcoInvent,"electronic component, passive, unspecified",kg,Input,Mass info: https://www.tme.eu/bg/en/details/mf-sm030-2/smd-polymer-fuses/bourns/,,,,,,,,,,,,,,,
IC1,,IC,Logic / Mixed-Signal,USB Interface,FTDI,FT4232H-56Q,"Quad High Speed USB to Multipurpose UART/MPSSE IC",1,kg,0.000369,YES,,,,,,,,,EcoInvent,"integrated circuit production, logic type",kg,Input,"https://www.mouser.ch/ProductDetail/FTDI/FT4232H-56Q-REEL?qs=u4lROS522ZXOAajeXbX%2FmA%3D%3D&srsltid=AfmBOoo_CyuzmuQGSV8qIsJ3FK9ef2SL6_YhveYAmIMR28WsW7ui1qeg",,,,,,,,,,,,,,,
IC2,,IC,Memory,EEPROM,MICROCHIP,93LC56B-I/OT,"2K, 128X16-bit, 2.5V Microwire Compatible Serial EEPROM",1,kg,0.0000065,YES,,,,,,,,,EcoInvent,"integrated circuit production, logic type",kg,Input,"https://www.mouser.ch/ProductDetail/Microchip-Technology/93LC56BT-I-OT?qs=lQv0JY93vrc7B5Rh5LPW8g%3D%3D&utm_id=22436684839&utm_source=google&utm_medium=cpc&utm_marketing_tactic=emeacorp&gad_source=1&gad_campaignid=22433179847&gbraid=0AAAAADn_wf1l8ruSsPF_DckQU7MzW_QXa&gclid=CjwKCAjwspPOBhB9EiwATFbi5D_n54ESvg5TFVXDGnzANCaxzjxC9ymSBAajzYRTqbLjRmIF6muWYhoC3QoQAvD_BwE",,,,,,,,,,,,,,,
IC3,,IC,Analog,Power Management,MICROCHIP,MIC5219-3.3YM5,"3.3V 500mA Peak Output Low Drop-Out (LDO) Regulator",1,kg,0.000063,YES,,,,,,,,,EcoInvent,"integrated circuit production, logic type",kg,Input,"SOT23-5 package; mass from volume (0.0051 cm³) × 1.25 + metal_extra 0.0015 = 0.0079 g.https://www.mouser.ch/ProductDetail/Microchip-Technology/MIC5219-33YM5-TR?qs=U6T8BxXiZAWojkIJMtSJlw%3D%3D&utm_id=22436684839&utm_source=google&utm_medium=cpc&utm_marketing_tactic=emeacorp&gad_source=1&gad_campaignid=22433179847&gbraid=0AAAAADn_wf1l8ruSsPF_DckQU7MzW_QXa&gclid=CjwKCAjwspPOBhB9EiwATFbi5Hvx8qEgGwKmH4k0hTk5ddJ9Ah036eQNJRXK517bGR5Dy3IbDm4sGhoCU8cQAvD_BwE",,,,,,,,,,,,,,,
"IC4, IC5, IC49",,IC,Analog,Sensor,TEXAS INSTRUMENTS,LM75AIMM/NOPB,"-25° to +100°C ±2°C Digital Temperature Sensor and Thermal Watchdog with Two-Wire Interface",3,kg,0.000031,YES,,,,,,,,,EcoInvent,"integrated circuit production, logic type",kg,Input,"https://www.mouser.ch/ProductDetail/Texas-Instruments/LM75AIMMX-NOPB?qs=QbsRYf82W3EzczEYb3tXUw%3D%3D&utm_id=22436684839&utm_source=google&utm_medium=cpc&utm_marketing_tactic=emeacorp&gad_source=1&gad_campaignid=22433179847&gbraid=0AAAAADn_wf1l8ruSsPF_DckQU7MzW_QXa&gclid=CjwKCAjwspPOBhB9EiwATFbi5JrjytZua-y5B42GK1_LaayPaVKI0IkQFsEFVSFcvQmqFsOT2AWlyhoCXIsQAvD_BwE",,,,,,,,,,,,,,,
"IC6, IC7, IC60",SOIC-8,IC,Mixed-Signal,Isolator,TEXAS INSTRUMENTS,ISO1541D,"Low-Power Bi-Directional I2C Isolator",3,kg,,NO,4.9,3.9,1.75,,1.2,1.2,,,EcoInvent,"integrated circuit production, logic type",kg,Input,"https://www.mouser.mx/ProductDetail/Texas-Instruments/ISO1541D?qs=rg6Iqu58vpX7sSwEg8DO7Q%3D%3D&srsltid=AfmBOorTK5TtypdwEgo56vH5tqzxL9x4Zpbt0RSDXoWLVfm-YZbnnuwQ",,,,,,,,,,,,,,,
"IC8, IC42",,IC,Digital,Logic,TEXAS INSTRUMENTS,SN74LVC8T245RHL,"8-Bit Dual-Supply Bus Transceiver with Configurable Voltage Translation and 3-State Outputs",2,kg,0.000050,YES,,,,,,,,,EcoInvent,"integrated circuit production, logic type",kg,Input,"https://www.mouser.ch/ProductDetail/Texas-Instruments/SN74LVC8T245RHLR?qs=dT9u2OTAaVWMeuErzytHQg%3D%3D&srsltid=AfmBOopve09sA5PMaAvfty20jfjYyyxL3pM3-a_noOQlXR1kMdrqlZWP",,,,,,,,,,,,,,,
"IC9, IC10, IC22, IC23, IC24, IC33, IC38",,IC,Digital,Logic,TEXAS INSTRUMENTS,SN74AXC8T245RHL,"8-Bit Dual-Supply Bus Transceiver with Configurable Voltage Translation and 3-State Outputs",7,kg,0.000050,YES,,,,,,,,,EcoInvent,"integrated circuit production, logic type",kg,Input,"Same VQFN-24.",,,,,,,,,,,,,,,
"IC11_CONTACT_OUT_0, IC11_CONTACT_OUT_1, IC11_CONTACT_OUT_2, IC11_CONTACT_OUT_3, IC11_CONTACT_OUT_4, IC11_CONTACT_OUT_5",DIP6 SMD,Modules,Hybrid Relays,Solid State Relay,PANASONIC,AQV251A,"HE 1 Form A, PhotoMOS Relay, Low On-Resistance, 40V 500mA",1,kg,0.000427,YES,,,,,,,,,EcoInvent,"electronic component production, active, unspecified",kg,Input,The PhotoMOS is a solid-state relay combining an LED and MOSFETs in an SMD package. No specific ecoinvent dataset exists.,,,,,,,,,,,,,,,
"IC12, IC13, IC70, IC75",TSSOP14,IC,Digital,Logic,TEXAS INSTRUMENTS,SN74LV02APW,"Quadruple 2-Input Positive-NOR Gate",4,kg,0.0000572,YES,,,,,,,,,EcoInvent,"integrated circuit production, logic type",kg,Input,"https://www.mouser.ch/ProductDetail/Texas-Instruments/SN74LV02APW?qs=UG%2F8xqv%2F6Wcp3JUxMEyKAQ%3D%3D",,,,,,,,,,,,,,,
IC14,SOT89,IC,Analog,Power Management,STMICROELECTRONICS,L78L05ACUTR,"5V 100mA Positive Voltage Regulator",1,kg,0.00019,YES,,,,,,,,,EcoInvent,"integrated circuit production, logic type",kg,Input,"https://www.mouser.ch/ProductDetail/STMicroelectronics/L78L05ACUTR?qs=ea963RooIhgG%252BOLUK%2FI3vQ%3D%3D",,,,,,,,,,,,,,,
"IC15, IC17",TSSOP16,IC,Analog,Driver,TEXAS INSTRUMENTS,TPL7407LAPW,"30-V 7-Channel Low Side Driver",2,kg,0.000173,YES,,,,,,,,,EcoInvent,"integrated circuit production, logic type",kg,Input,"https://www.mouser.ch/ProductDetail/Texas-Instruments/TPL7407LAPWR?qs=5aG0NVq1C4w9BpsnF07yow%3D%3D",,,,,,,,,,,,,,,
IC16,SOT223,IC,Analog,Power Management,TEXAS INSTRUMENTS,TLV1117-18IDCY,"1.8V, 800mA Low-Dropout Voltage Regulator",1,kg,0.000112,YES,,,,,,,,,EcoInvent,"integrated circuit production, logic type",kg,Input,"https://www.mouser.ch/ProductDetail/Texas-Instruments/TLV1117-18IDCY?qs=p6lVfQR1GSoxnN6%252Be%252BbeYw%3D%3D",,,,,,,,,,,,,,,
"IC18, IC19",TSSOP38,IC,Mixed-Signal,Interface,TEXAS INSTRUMENTS,SN65MLVD082DGG,"8-Channel Half-Duplex M-LVDS Line Transceiver",2,kg,0.0002626,YES,,,,,,,,,EcoInvent,"integrated circuit production, logic type",kg,Input,"TSSOP-38; volume 9.7×4.4×1 = 0.0427 cm³, mass ~0.0634 g.",,,,,,,,,,,,,,,
"IC20, IC21, IC76, IC77, IC78, IC79, IC81",SOIC8,IC,Optoelectronics,Optocoupler,BROADCOM,HCPL-063L-000E,"Dual-Channel, High Speed LVTTL Compatible 3.3 Volt Optocoupler",7,kg,,NO,4.9,3.9,1.75,,1.2,1.2,,,EcoInvent,"integrated circuit production, logic type",kg,Input,Mass from casing,,,,,,,,,,,,,,,
"IC25, IC32, IC34, IC35, IC36, IC37, IC39, IC40",VSON8,IC,Digital,Interface,TEXAS INSTRUMENTS,SN65HVD78DRB,"3.3-V Supply RS-485 With IEC ESD protection, 50Mbps",8,kg,0.000024,YES,,,,,,,,,EcoInvent,"integrated circuit production, logic type",kg,Input,"https://www.mouser.ch/ProductDetail/Texas-Instruments/SN65HVD78DRBR?qs=uuvYgmlZVOvZX%2Fzgsy5uJA%3D%3D",,,,,,,,,,,,,,,
"IC26, IC27, IC28, IC29, IC30, IC31",VQFN16,IC,Digital,Interface,TEXAS INSTRUMENTS,AM26LV31EIRGY,"Low-Voltage High-Speed Quadruple Differential Line Driver with ±15-kV IEC ESD Protection",6,kg,0.0000372,YES,,,,,,,,,EcoInvent,"integrated circuit production, logic type",kg,Input,,,,,,,,,,,,,,,,
IC41,LFCSP20,IC,Analog,Power Management,ANALOG DEVICES,ADP5071ACP,"2 A/1.2 A DC-to-DC Switching Regulator with Independent Positive and Negative Outputs",1,kg,0.0000584,YES,,,,,,,,,EcoInvent,"integrated circuit production, logic type",kg,Input,"LFCSP-20 4x4mm; volume 0.012 cm³, mass ~0.02 g.",,,,,,,,,,,,,,,
IC43,TSSOP14,IC,Digital,Logic,TEXAS INSTRUMENTS,SN74LVC14APW,"Hex Schmitt-Trigger Inverter",1,kg,0.0000572,YES,,,,,,,,,EcoInvent,"integrated circuit production, logic type",kg,Input,"TSSOP-14.",,,,,,,,,,,,,,,
"IC44_DIG_IND_IN_1, IC44_DIG_IND_IN_2, IC44_DIG_IND_IN_3, IC44_DIG_IND_IN_4, IC44_DIG_IND_IN_5, IC44_DIG_IND_IN_6, IC44_DIG_IND_IN_7, IC44_DIG_IND_IN_8, IC44_DIG_IND_IN_9, IC44_DIG_IND_IN_10, IC44_DIG_IND_IN_11, IC44_DIG_IND_IN_12, IC44_DIG_IND_IN_13, IC44_DIG_IND_IN_14",TSSOP24,IC,Mixed-Signal,Isolated Digital Input,TEXAS INSTRUMENTS,ISO1228DFB,"Eight-Channel Isolated Digital Input with Current Limit and Diagnostics",14,kg,0.00015,YES,,,,,,,,,EcoInvent,"integrated circuit production, logic type",kg,Input,"TSSOP-24; volume 7.8×4.4×1 = 0.0343 cm³, mass ~0.053 g.",,,,,,,,,,,,,,,
"IC45, IC46, IC47, IC85",VQFN14,IC,Digital,Logic,TEXAS INSTRUMENTS,SN74LVC07ARGY,"Hex Buffer with Open-Drain Outputs",4,kg,0.0000322,YES,,,,,,,,,EcoInvent,"integrated circuit production, logic type",kg,Input,,,,,,,,,,,,,,,,
IC51,LGA25,IC,Analog,Power Management,ANALOG DEVICES,LTM4623EY,"4V-20V to 0.6V-5.5V, Iout 3A Step-Down DC/DC uModule Regulator",1,kg,0.0005,YES,,,,,,,,,EcoInvent,"electronic component production, active, unspecified",kg,Input,"https://www.mouser.ch/ProductDetail/Analog-Devices/LTM4623EYPBF?qs=oahfZPh6IAKdnYwXJmocfg%3D%3D",,,,,,,,,,,,,,,
IC52,SOIC8,IC,Memory,EEPROM,MICROCHIP,24AA025E48-I/SN,"1.7V-5.5V, 2K I2C™ Serial EEPROMs with EUI-48™ Node Identity",1,kg,,NO,4.9,3.9,1.75,,1.2,1.2,,,EcoInvent,"integrated circuit production, logic type",kg,Input,Mass from casing,,,,,,,,,,,,,,,
"IC53, IC54, IC55, IC58, IC59",UQFN10,IC,Digital,Logic,TEXAS INSTRUMENTS,SN74AVC2T245RSWR,"Dual-Bit Dual-Supply Bus Transceiver with Configurable Voltage Translation and 3-State Outputs",5,kg,0.000031,YES,,,,,,,,,EcoInvent,"integrated circuit production, logic type",kg,Input,"UQFN-10; volume 0.0015 cm³, mass ~0.0024 g.",,,,,,,,,,,,,,,
"IC56, IC57",VSSOP8,IC,Mixed-Signal,Voltage Translator,TEXAS INSTRUMENTS,PCA9306DCUR,"Dual Bidirectional I2C Bus and SMBus Voltage-Level Translator",2,kg,0.0000096,YES,,,,,,,,,EcoInvent,"integrated circuit production, logic type",kg,Input,"VSSOP-8; mass ~0.0116 g.",,,,,,,,,,,,,,,
"IC61, IC62, IC63, IC64, IC65",VSSOP10,IC,Mixed-Signal,Power Monitor,TEXAS INSTRUMENTS,INA226AIDGST,"High-or Low Side Measurement, Bi-Directional Current/Power Monitor with I2C Interface",5,kg,0.0000237,YES,,,,,,,,,EcoInvent,"integrated circuit production, logic type",kg,Input,"VSSOP-10; same mass as VSSOP-8 (0.0116g).",,,,,,,,,,,,,,,
"IC66, IC68",TSSOP14,IC,Digital,Logic,TEXAS INSTRUMENTS,SN74HCS4075PW,"Triple 3-Input OR Gate with Schmitt-Trigger Inputs",2,kg,0.0000572,YES,,,,,,,,,EcoInvent,"integrated circuit production, logic type",kg,Input,"TSSOP-14.",,,,,,,,,,,,,,,
"IC67, IC71, IC72, IC73, IC74",TSSOP14,IC,Digital,Logic,TEXAS INSTRUMENTS,SN74LVC74APWT,"Dual Positive-Edge-Triggered D-Type Flip Flop with Clear And Reset",5,kg,0.0000572,YES,,,,,,,,,EcoInvent,"integrated circuit production, logic type",kg,Input,"TSSOP-14.",,,,,,,,,,,,,,,
J1,,Electromechanical,Connectors,High-Speed I/O,TE CONNECTIVITY,1-2007637-5,"2x2 Press Fit SFP+ Cage and PT Connectors Assembly with EMI Springs",1,kg,0.0162,YES,,,,,,,,,EcoInvent,"electric connector production, peripheral type buss",kg,Input,"https://www.mouser.ch/ProductDetail/TE-Connectivity/1-2007637-5?qs=qnhXEskkPyvt9BrFBsiKkQ%3D%3D",,,,,,,,,,,,,,,
"J2, J3, J4",,Electromechanical,Connectors,High-Density Array,SAMTEC,ADF6-100-03.5-L-4-2-A,"400 contacts (4 rows abcd) High-Density Slim Body Arrays Female Connector without Alignment Pin",3,kg,0.0738,YES,,,,,,,,,EcoInvent,"electric connector production, peripheral type buss",kg,Input,"https://www.tme.com/ph/en/details/adf6-60-03.5-l-4-2/board-to-board-connectors/samtec/adf6-60-03-5-l-4-2-a-tr/",,,,,,,,,,,,,,,
J5,,Electromechanical,Connectors,Right Angle Header,AMPHENOL,10052825-101LF,"72 Contacts, 2mm Pitch, 6 Columns, 4 Pairs per Column, 4 Walls, Right Angle Header",1,kg,0.015336,YES,,,,,,,,,EcoInvent,"electric connector production, peripheral type buss",kg,Input,"http://mouser.ch/ProductDetail/Amphenol-FCI/10052825-101LF?qs=qObghIyrWxrXt6HI1S6RBA%3D%3D",,,,,,,,,,,,,,,
"J6, J13, J14",,Electromechanical,Connectors,Right Angle Header,AMPHENOL,10052837-101LF,"96 Contacts, 2mm Pitch, 8 Columns, 4 Pairs per Column, 2 Walls, Right Angle Header",3,kg,0.015169,YES,,,,,,,,,EcoInvent,"electric connector production, peripheral type buss",kg,Input,https://www.mouser.ch/ProductDetail/Amphenol-FCI/10052837-101LF?qs=qObghIyrWxqSnJki6yjatA%3D%3D,,,,,,,,,,,,,,,
J7,,Electromechanical,Connectors,Modular Jack,ABRACON,ARJM11D7-502-AB-EW2,"DC-10MBd Versatile Link Fiber Optic Analog Transmitter for 1 mm POF and 200 µm PCS",1,kg,0.010248,YES,,,,,,,,,EcoInvent,"electric connector production, peripheral type buss",kg,Input,"RJ45 with integrated magnetics; mass ~12g.",,,,,,,,,,,,,,,
J8,,Electromechanical,Connectors,USB,KYCON,KUSBX-SL-CS1N14-B,"USB 2.0 Type C Receptacle, High Temp., Flag Style Through Hole 14 Pin, Black",1,kg,0.002841,YES,,,,,,,,,EcoInvent,"electric connector production, peripheral type buss",kg,Input,"Mass from typical USB-C connectors (~3g).",,,,,,,,,,,,,,,
J9,,Electromechanical,Connectors,PicoBlade,MOLEX,530480310,"1.25mm Pitch, PicoBlade PCB Header, Right-Angle, Through Hole, Tin (Sn) Plating, Friction Lock, 3 Circuits, Tray, 2.30mm PC Tail Length",1,kg,0.0009276,YES,,,,,,,,,EcoInvent,"electric connector production, wire clamp",kg,Input,"https://www.mouser.ch/ProductDetail/Molex/53048-0310?qs=zXrbR4Jv0OfUlEeVnlaifA%3D%3D",,,,,,,,,,,,,,,
J10,,Electromechanical,Connectors,PicoBlade,MOLEX,53261-1071,"1.25mm (.049\"") Pitch PicoBlade™ Surface Mount 10 Circuits Right Angle Header",1,kg,0.000279,YES,,,,,,,,,EcoInvent,"electric connector production, wire clamp",kg,Input,"Mass estimated (~1g).",,,,,,,,,,,,,,,
J11,,Electromechanical,Connectors,FFC/FPC,MOLEX,2203631200,"Easy-On FFC/FPC Connector, 0.40mm Pitch, FD4P Series, Right-Angle, Bottom Contact, 2.00mm Height, 120 Circuits, Gold over Nickel Plating",1,kg,0.0015,YES,,,,,,,,,EcoInvent,"electric connector production, peripheral type buss",kg,Input,"Mass estimated (~2g).",,,,,,,,,,,,,,,
J12,,Electromechanical,Connectors,FFC/FPC,MOLEX,2203630800,"Easy-On FFC/FPC Connector, 0.40mm Pitch, FD4P Series, Right-Angle, Bottom Contact, 2.00mm Height, 80 Circuits, Gold over Nickel Plating",1,kg,0.0005,YES,,,,,,,,,EcoInvent,"electric connector production, peripheral type buss",kg,Input,"Mass estimated (~1.5g).",,,,,,,,,,,,,,,
"L1, L2, L3",0603,Passives,Inductors,Ferrite Bead,MURATA,BLM18SG121TN1D,"SMD EMIFIL Suppression Chip Ferrite Bead",3,kg,,NO,1.6,0.8,0.8,,4.5,5.5,,,EcoInvent,"inductor production, low value multilayer chip",kg,Input,"Mass from casing, different density than in capacitors, the EcoInvent dataset is accurate",,,,,,,,,,,,,,,
"L4, L5, L6, L7, L13, L14, L15, L16, L17",0603,Passives,Inductors,Ferrite Bead,MURATA,BLM18SG221TN1,"SMD EMIFIL Suppression Chip Ferrite Bead",9,kg,,NO,1.6,0.8,0.8,,4.5,5.5,,,EcoInvent,"inductor production, low value multilayer chip",kg,Input,"Mass from casing, different density than in capacitors, the EcoInvent dataset is accurate",,,,,,,,,,,,,,,
L8,,Passives,Inductors,,WURTH ELEKTRONIK,"7447797180",1,2,kg,0.002,YES,,,,,,,,,EcoInvent,"inductor production, ring core choke type",kg,"Input",The ecoinvent model is of a 6.3 g so is closer than the other model. https://www.mouser.mx/ProductDetail/Wurth-Elektronik/7447797180?qs=J4sk5G6CMwZAcdfQztcYmw%3D%3D,,,,,,,,,,,,,,,
L9,,Passives,Inductors,,WURTH ELEKTRONIK,"7447798221",1,2,kg,0.002,YES,,,,,,,,,EcoInvent,"inductor production, ring core choke type",kg,"Input",The ecoinvent model is of a 6.3 g so is closer than the other model. https://www.mouser.mx/ProductDetail/Wurth-Elektronik/7447797180?qs=J4sk5G6CMwZAcdfQztcYmw%3D%3D,,,,,,,,,,,,,,,
"L10, L12, L18, L19",0805,Passives,Inductors,Ferrite Bead,WURTH,742792040,"SMD EMI Suppression Chip Ferrite Bead (WE-CBF Series)",4,kg,,NO,2.0,1.25,0.8,,4.5,5.5,,0,EcoInvent,"inductor production, low value multilayer chip",kg,Input,"MASS FROM CASING",,,,,,,,,,,,,,,
"L11, L20, L21",0805,Passives,Inductors,Ferrite Bead,WURTH,742792031,"SMD EMI Suppression Chip Ferrite Bead (WE-CBF Series)",3,kg,,NO,2.0,1.25,0.8,,4.5,5.5,,0,EcoInvent,"inductor production, low value multilayer chip",kg,Input,"MASS FROM CASING",,,,,,,,,,,,,,,
"LD1, LD2, LD3, LD4",,Discrete Semiconductors,Optoelectronics,LED,BROADCOM,HSMF-A203-A00J1,"Bicolor Red/Emerald Green Surface Mount LED",4,kg,0.000060,YES,,,,,,,,,EcoInvent,"light emitting diode production",kg,Input,"https://www.mouser.mx/ProductDetail/Broadcom-Avago/HSMF-A203-A00J1?qs=YDL0qNrpDT4d43ReqF2t1Q%3D%3D",,,,,,,,,,,,,,,
"LD5, LD6, LD7, LD8, LD9, LD10, LD11, LD12",0603,Discrete Semiconductors,Optoelectronics,LED,LITEON,LTST-C193KGKT-5A,"Extra Thin SMD Chip LED, Ultra Bright AlInGaP Green, Lens Water Clear",8,kg,,NO,1.6,0.8,0.8,,4.5,5.5,,,EcoInvent,"light emitting diode production",kg,Input,"mass from casing",,,,,,,,,,,,,,,
LP5,,Hardware,Mounting Hardware,,BIVAR,RLP4-200-500,"2-Way in One Rows, Right Angle 2.8mm Diameter LED Light Pipe",1,kg,0.00129,YES,,,,,,,,,EcoInvent,"polycarbonate + injection moulding",kg,Input,"plastic part. mass in: https://www.mouser.mx/ProductDetail/Bivar/RLP4-200-500?qs=DTo5u7NUXXGTGKnPVKmOcQ%3D%3D",,,,,,,,,,,,,,,
"PB1, PB2, PB3",,Electromechanical,Switches,,OMRON,B3U-1100P,"3x2.5mm Ultra-Small Tactile SPST Pushbutton Switch (with Ground Terminal),Contact Rating 50mA 12VDC, B3U Series",3,kg,0.000022,YES,,,,,,,,,EcoInvent,"electronic component, passive, unspecified",kg,Input,"mass: https://www.mouser.mx/ProductDetail/Omron-Electronics/B3U-1100P?qs=q8ECNkb1%2FvMiNWwbhMFu4g%3D%3D",,,,,,,,,,,,,,,
Q1,,Passives,Crystals,Quartz,TXC,7M-12.000MAAJ-T,"±30ppm 18pF -20°C to +70°C  4 Pins, 3.2x2.5X0.8mm, SMD Sealing Crystal, 7M Series",1,kg,0.000016,YES,,,,,,,,,EcoInvent,"electronic component, passive, unspecified",kg,Input,"Mass from volume (0.0064 cm³) × quartz/ceramic density (2.5 g/cm³) + metal_extra 0.001 = 0.017 g.",,,,,,,,,,,,,,,
"R1, R2, R40, R41, R42, R43, R44, R45, R119, R120, R121, R122, R123, R124, R125, R126, R216, R217, R218, R219, R220, R221, R222, R223",0402,Passives,Resistors,Thick Film,GENERIC,R0402_56R_1%_0.0625W_100PPM,"General Purpose Thick Film Chip Resistor, 56Ω, 1%, 0.0625W",24,kg,,NO,1.0,0.5,0.35,,3,4,0.0002,0,EcoInvent,"resistor production, surface-mounted",kg,Input,"Mass from volume (0.000175 cm³) × 3.5 g/cm³ + metal_extra 0.0002 = 0.0008125 g. Generic 0402 resistor.",,,,,,,,,,,,,,,
"R3, R4, R5, R6, R7, R8, R11, R12, R13, R14, R35_CONTACT_OUT_0, R35_CONTACT_OUT_1, R35_CONTACT_OUT_2, R35_CONTACT_OUT_3, R35_CONTACT_OUT_4, R35_CONTACT_OUT_5, R48, R49, R51, R68, R71_DIG_IND_IN_1, R71_DIG_IND_IN_2, R71_DIG_IND_IN_3, R71_DIG_IND_IN_4, R71_DIG_IND_IN_5, R71_DIG_IND_IN_6, R71_DIG_IND_IN_7, R71_DIG_IND_IN_8, R71_DIG_IND_IN_9, R71_DIG_IND_IN_10, R71_DIG_IND_IN_11, R71_DIG_IND_IN_12, R71_DIG_IND_IN_13, R71_DIG_IND_IN_14, R73_DIG_IND_IN_1, R73_DIG_IND_IN_2, R73_DIG_IND_IN_3, R73_DIG_IND_IN_4, R73_DIG_IND_IN_5, R73_DIG_IND_IN_6, R73_DIG_IND_IN_7, R73_DIG_IND_IN_8, R73_DIG_IND_IN_9, R73_DIG_IND_IN_10, R73_DIG_IND_IN_11, R73_DIG_IND_IN_12, R73_DIG_IND_IN_13, R73_DIG_IND_IN_14, R74_DIG_IND_IN_1, R74_DIG_IND_IN_2, R74_DIG_IND_IN_3, R74_DIG_IND_IN_4, R74_DIG_IND_IN_5, R74_DIG_IND_IN_6, R74_DIG_IND_IN_7, R74_DIG_IND_IN_8, R74_DIG_IND_IN_9, R74_DIG_IND_IN_10, R74_DIG_IND_IN_11, R74_DIG_IND_IN_12, R74_DIG_IND_IN_13, R74_DIG_IND_IN_14, R152, R153, R154, R157, R158, R159, R160, R181, R184, R185, R187, R193, R194, R224_P24V_FUSE1, R224_P24V_FUSE2, R224_P24V_FUSE3, R224_P24V_FUSE4, R224_P24V_FUSE5, R224_P24V_FUSE6, R224_P24V_FUSE7, R224_P24V_FUSE8, R225",0402,Passives,Resistors,Thick Film,GENERIC,R0402_1K_1%_0.0625W_100PPM,"General Purpose Thick Film Chip Resistor",84,kg,,NO,1.0,0.5,0.35,,3,4,0.0002,0,EcoInvent,"resistor production, surface-mounted",kg,Input,"Same 0402 resistor mass.",,,,,,,,,,,,,,,
R9,0402,Passives,Resistors,Thick Film,GENERIC,R0402_12K_1%_0.0625W_100PPM,"General Purpose Thick Film Chip Resistor",1,kg,,NO,1.0,0.5,0.35,,3,4,0.0002,0,EcoInvent,"resistor production, surface-mounted",kg,Input,"0402.",,,,,,,,,,,,,,,
"R10, R15",0402,Passives,Resistors,Thick Film,GENERIC,R0402_2K2_1%_0.0625W_100PPM,"General Purpose Thick Film Chip Resistor",2,kg,,NO,1.0,0.5,0.35,,3,4,0.0002,0,EcoInvent,"resistor production, surface-mounted",kg,Input,"0402.",,,,,,,,,,,,,,,
"R16, R17, R18, R19, R20, R21, R22, R23, R24, R25, R26, R27, R28, R29, R30, R31, R133, R134, R135, R136, R137, R138, R139, R140, R141, R142, R143, R144, R145, R146, R147, R148, R149, R172, R177",0402,Passives,Resistors,Thick Film,GENERIC,R0402_4K7_1%_0.0625W_100PPM,"General Purpose Thick Film Chip Resistor",35,kg,,NO,1.0,0.5,0.35,,3,4,0.0002,0,EcoInvent,"resistor production, surface-mounted",kg,Input,"0402.",,,,,,,,,,,,,,,
"R32_DIG_FAST_IN_CCT_0, R32_DIG_FAST_IN_CCT_1, R32_DIG_FAST_IN_CCT_2, R32_DIG_FAST_IN_CCT_3, R32_DIG_FAST_IN_CCT_4, R32_DIG_FAST_IN_CCT_5, R32_DIG_FAST_IN_CCT_6, R32_DIG_FAST_IN_CCT_7, R32_DIG_FAST_IN_CCT_8, R32_DIG_FAST_IN_CCT_9, R32_DIG_FAST_IN_CCT_10, R32_DIG_FAST_IN_CCT_11, R32_DIG_FAST_IN_CCT_12, R32_DIG_FAST_IN_CCT_13",0402,Passives,Resistors,Thick Film,GENERIC,R0402_100R_1%_0.0625W_100PPM,"General Purpose Thick Film Chip Resistor",14,kg,,NO,1.0,0.5,0.35,,3,4,0.0002,0,EcoInvent,"resistor production, surface-mounted",kg,Input,"0402.",,,,,,,,,,,,,,,
"R33_CONTACT_OUT_0, R33_CONTACT_OUT_1, R33_CONTACT_OUT_2, R33_CONTACT_OUT_3, R33_CONTACT_OUT_4, R33_CONTACT_OUT_5",0402,Passives,Resistors,Thick Film,GENERIC,R0402_430R_1%_0.0625W_100PPM,"General Purpose Thick Film Chip Resistor",6,kg,,NO,1.0,0.5,0.35,,3,4,0.0002,0,EcoInvent,"resistor production, surface-mounted",kg,Input,"0402.",,,,,,,,,,,,,,,
"R34_CONTACT_OUT_0, R34_CONTACT_OUT_1, R34_CONTACT_OUT_2, R34_CONTACT_OUT_3, R34_CONTACT_OUT_4, R34_CONTACT_OUT_5",0805,Passives,Resistors,Thick Film,GENERIC,R0805_1R1_1%_0.125W_200PPM,"General Purpose Thick Film Chip Resistor",6,kg,,NO,2.0,1.25,0.5,,3,4,0.001,0,EcoInvent,"resistor production, surface-mounted",kg,Input,"0805 resistor; mass from volume (0.00125 cm³) × 3.5 + metal_extra 0.001 = 0.005375 g.",,,,,,,,,,,,,,,
"R36, R37, R200, R201, R202, R203, R204, R205, R206, R207, R208, R209, R210, R211, R212, R213, R214, R215",0402,Passives,Resistors,Thick Film,GENERIC,R0402_1K_1%_0.0625W_100PPM,"General Purpose Thick Film Chip Resistor",18,kg,,NO,1.0,0.5,0.35,,3,4,0.0002,0,EcoInvent,"resistor production, surface-mounted",kg,Input,"0402.",,,,,,,,,,,,,,,
"R38_DIG_FAST_IN_CCT_0, R38_DIG_FAST_IN_CCT_1, R38_DIG_FAST_IN_CCT_2, R38_DIG_FAST_IN_CCT_3, R38_DIG_FAST_IN_CCT_4, R38_DIG_FAST_IN_CCT_5, R38_DIG_FAST_IN_CCT_6, R38_DIG_FAST_IN_CCT_7, R38_DIG_FAST_IN_CCT_8, R38_DIG_FAST_IN_CCT_9, R38_DIG_FAST_IN_CCT_10, R38_DIG_FAST_IN_CCT_11, R38_DIG_FAST_IN_CCT_12, R38_DIG_FAST_IN_CCT_13",0402,Passives,Resistors,Thick Film,GENERIC,R0402_470R_1%_0.0625W_100PPM,"General Purpose Thick Film Chip Resistor",14,kg,,NO,1.0,0.5,0.35,,3,4,0.0002,0,EcoInvent,"resistor production, surface-mounted",kg,Input,"0402.",,,,,,,,,,,,,,,
"R39_DIG_FAST_IN_CCT_0, R39_DIG_FAST_IN_CCT_1, R39_DIG_FAST_IN_CCT_2, R39_DIG_FAST_IN_CCT_3, R39_DIG_FAST_IN_CCT_4, R39_DIG_FAST_IN_CCT_5, R39_DIG_FAST_IN_CCT_6, R39_DIG_FAST_IN_CCT_7, R39_DIG_FAST_IN_CCT_8, R39_DIG_FAST_IN_CCT_9, R39_DIG_FAST_IN_CCT_10, R39_DIG_FAST_IN_CCT_11, R39_DIG_FAST_IN_CCT_12, R39_DIG_FAST_IN_CCT_13",0402,Passives,Resistors,Thin Film,GENERIC,R0402_10K_0.1%_0.0625W_25PPM,"Precision Surface Mount Resistor",14,kg,,NO,1.0,0.5,0.35,,3,4,0.0002,0,EcoInvent,"resistor production, surface-mounted",kg,Input,"0402 thin film; mass same as thick film.",,,,,,,,,,,,,,,
"R46, R47, R190_P24V_FUSE1, R190_P24V_FUSE2, R190_P24V_FUSE3, R190_P24V_FUSE4, R190_P24V_FUSE5, R190_P24V_FUSE6, R190_P24V_FUSE7, R190_P24V_FUSE8",0402,Passives,Resistors,Thick Film,GENERIC,R0402_82K_1%_0.0625W_100PPM,"General Purpose Thick Film Chip Resistor",10,kg,,NO,1.0,0.5,0.35,,3,4,0.0002,0,EcoInvent,"resistor production, surface-mounted",kg,Input,"0402.",,,,,,,,,,,,,,,
R50,0402,Passives,Resistors,Thick Film,GENERIC,R0402_NO-VALUE,"Reserved Footprint For a 0402 (1005) Chip Resistor",1,kg,,NO,1.0,0.5,0.35,,3,4,0.0002,0,EcoInvent,"resistor production, surface-mounted",kg,Input,"Not populated; mass 0.",,,,,,,,,,,,,,,
R52,0402,Passives,Resistors,Thick Film,GENERIC,R0402_NO-VALUE,"Reserved Footprint For a 0402 (1005) Chip Resistor",1,kg,,NO,1.0,0.5,0.35,,3,4,0.0002,0,EcoInvent,"resistor production, surface-mounted",kg,Input,"Not populated.",,,,,,,,,,,,,,,
R53,0402,Passives,Resistors,Thick Film,GENERIC,R0402_NO-VALUE,"Reserved Footprint For a 0402 (1005) Chip Resistor",1,kg,,NO,1.0,0.5,0.35,,3,4,0.0002,0,EcoInvent,"resistor production, surface-mounted",kg,Input,"Not populated.",,,,,,,,,,,,,,,
R54,0402,Passives,Resistors,Thick Film,GENERIC,R0402_220K_1%_0.0625W_100PPM,"General Purpose Thick Film Chip Resistor",1,kg,,NO,1.0,0.5,0.35,,3,4,0.0002,0,EcoInvent,"resistor production, surface-mounted",kg,Input,"0402.",,,,,,,,,,,,,,,
R55,0402,Passives,Resistors,Thick Film,GENERIC,R0402_NO-VALUE,"Reserved Footprint For a 0402 (1005) Chip Resistor",1,kg,,NO,1.0,0.5,0.35,,3,4,0.0002,0,EcoInvent,"resistor production, surface-mounted",kg,Input,"Not populated.",,,,,,,,,,,,,,,
R56,0402,Passives,Resistors,Thick Film,GENERIC,R0402_NO-VALUE,"Reserved Footprint For a 0402 (1005) Chip Resistor",1,kg,,NO,1.0,0.5,0.35,,3,4,0.0002,0,EcoInvent,"resistor production, surface-mounted",kg,Input,"Not populated.",,,,,,,,,,,,,,,
R57,0402,Passives,Resistors,Thick Film,GENERIC,R0402_NO-VALUE,"Reserved Footprint For a 0402 (1005) Chip Resistor",1,kg,,NO,1.0,0.5,0.35,,3,4,0.0002,0,EcoInvent,"resistor production, surface-mounted",kg,Input,"Not populated.",,,,,,,,,,,,,,,
"R58, R59, R60, R61, R62, R63, R64, R65, R79, R80, R81, R82, R83, R84, R85, R86, R87, R88, R89, R90, R91, R92, R93, R94, R95, R96, R97, R98, R99, R100, R101, R102, R103, R104, R105, R106, R107, R108, R109, R110, R111, R112, R113, R114, R115, R116, R117, R118",0402,Passives,Resistors,Thick Film,GENERIC,R0402_10K_1%_0.0625W_100PPM,"General Purpose Thick Film Chip Resistor",48,kg,,NO,1.0,0.5,0.35,,3,4,0.0002,0,EcoInvent,"resistor production, surface-mounted",kg,Input,"0402.",,,,,,,,,,,,,,,
"R66_DIG_IND_IN_1, R66_DIG_IND_IN_2, R66_DIG_IND_IN_3, R66_DIG_IND_IN_4, R66_DIG_IND_IN_5, R66_DIG_IND_IN_6, R66_DIG_IND_IN_7, R66_DIG_IND_IN_8, R66_DIG_IND_IN_9, R66_DIG_IND_IN_10, R66_DIG_IND_IN_11, R66_DIG_IND_IN_12, R66_DIG_IND_IN_13, R66_DIG_IND_IN_14, R70_DIG_IND_IN_1, R70_DIG_IND_IN_2, R70_DIG_IND_IN_3, R70_DIG_IND_IN_4, R70_DIG_IND_IN_5, R70_DIG_IND_IN_6, R70_DIG_IND_IN_7, R70_DIG_IND_IN_8, R70_DIG_IND_IN_9, R70_DIG_IND_IN_10, R70_DIG_IND_IN_11, R70_DIG_IND_IN_12, R70_DIG_IND_IN_13, R70_DIG_IND_IN_14, R75_DIG_IND_IN_1, R75_DIG_IND_IN_2, R75_DIG_IND_IN_3, R75_DIG_IND_IN_4, R75_DIG_IND_IN_5, R75_DIG_IND_IN_6, R75_DIG_IND_IN_7, R75_DIG_IND_IN_8, R75_DIG_IND_IN_9, R75_DIG_IND_IN_10, R75_DIG_IND_IN_11, R75_DIG_IND_IN_12, R75_DIG_IND_IN_13, R75_DIG_IND_IN_14, R77_DIG_IND_IN_1, R77_DIG_IND_IN_2, R77_DIG_IND_IN_3, R77_DIG_IND_IN_4, R77_DIG_IND_IN_5, R77_DIG_IND_IN_6, R77_DIG_IND_IN_7, R77_DIG_IND_IN_8, R77_DIG_IND_IN_9, R77_DIG_IND_IN_10, R77_DIG_IND_IN_11, R77_DIG_IND_IN_12, R77_DIG_IND_IN_13, R77_DIG_IND_IN_14, R199_DIG_IND_IN_1, R199_DIG_IND_IN_2, R199_DIG_IND_IN_3, R199_DIG_IND_IN_4, R199_DIG_IND_IN_5, R199_DIG_IND_IN_6, R199_DIG_IND_IN_7, R199_DIG_IND_IN_8, R199_DIG_IND_IN_9, R199_DIG_IND_IN_10, R199_DIG_IND_IN_11, R199_DIG_IND_IN_12, R199_DIG_IND_IN_13, R199_DIG_IND_IN_14",MELF,Passives,Resistors,Thin Film,GENERIC,RMELF_2K2_1%_0.2W_50PPM,"Thin Film Mini-MELF Resistors, 2.2kΩ, 1%, 0.2W",70,kg,,NO,,,,0.00554,3,4,,0,EcoInvent,"resistor production, surface-mounted",kg,Input,"MELF (Mini-MELF) cylindrical package; mass from volume (cylinder: π×0.8²×3.6 mm³ = 7.24 mm³ = 0.00724 cm³) × 3.5 g/cm³ + metal_extra 0.002 = 0.0273 g.",,,,,,,,,,,,,,,
"R67_DIG_IND_IN_1, R67_DIG_IND_IN_2, R67_DIG_IND_IN_3, R67_DIG_IND_IN_4, R67_DIG_IND_IN_5, R67_DIG_IND_IN_6, R67_DIG_IND_IN_7, R67_DIG_IND_IN_8, R67_DIG_IND_IN_9, R67_DIG_IND_IN_10, R67_DIG_IND_IN_11, R67_DIG_IND_IN_12, R67_DIG_IND_IN_13, R67_DIG_IND_IN_14, R69_DIG_IND_IN_1, R69_DIG_IND_IN_2, R69_DIG_IND_IN_3, R69_DIG_IND_IN_4, R69_DIG_IND_IN_5, R69_DIG_IND_IN_6, R69_DIG_IND_IN_7, R69_DIG_IND_IN_8, R69_DIG_IND_IN_9, R69_DIG_IND_IN_10, R69_DIG_IND_IN_11, R69_DIG_IND_IN_12, R69_DIG_IND_IN_13, R69_DIG_IND_IN_14, R72_DIG_IND_IN_1, R72_DIG_IND_IN_2, R72_DIG_IND_IN_3, R72_DIG_IND_IN_4, R72_DIG_IND_IN_5, R72_DIG_IND_IN_6, R72_DIG_IND_IN_7, R72_DIG_IND_IN_8, R72_DIG_IND_IN_9, R72_DIG_IND_IN_10, R72_DIG_IND_IN_11, R72_DIG_IND_IN_12, R72_DIG_IND_IN_13, R72_DIG_IND_IN_14, R76_DIG_IND_IN_1, R76_DIG_IND_IN_2, R76_DIG_IND_IN_3, R76_DIG_IND_IN_4, R76_DIG_IND_IN_5, R76_DIG_IND_IN_6, R76_DIG_IND_IN_7, R76_DIG_IND_IN_8, R76_DIG_IND_IN_9, R76_DIG_IND_IN_10, R76_DIG_IND_IN_11, R76_DIG_IND_IN_12, R76_DIG_IND_IN_13, R76_DIG_IND_IN_14",0805,Passives,Resistors,Thin Film,GENERIC,R0805_10K_0.1%_0.125W_25PPM,"Thin Film Chip Resistor",56,kg,,NO,2.0,1.25,0.5,,3,4,0.001,0,EcoInvent,"resistor production, surface-mounted",kg,Input,"0805 thin film; same mass as 0805 thick film.",,,,,,,,,,,,,,,
"R78_DIG_IND_IN_1, R78_DIG_IND_IN_2, R78_DIG_IND_IN_3, R78_DIG_IND_IN_4, R78_DIG_IND_IN_5, R78_DIG_IND_IN_6, R78_DIG_IND_IN_7, R78_DIG_IND_IN_8, R78_DIG_IND_IN_9, R78_DIG_IND_IN_10, R78_DIG_IND_IN_11, R78_DIG_IND_IN_12, R78_DIG_IND_IN_13, R78_DIG_IND_IN_14",0402,Passives,Resistors,Thin Film,GENERIC,R0402_5K1_0.1%_0.0625W_25PPM,"Thin Film Chip Resistor",14,kg,,NO,1.0,0.5,0.35,,3,4,0.0002,0,EcoInvent,"resistor production, surface-mounted",kg,Input,"0402 thin film.",,,,,,,,,,,,,,,
R127,0402,Passives,Resistors,Thick Film,GENERIC,R0402_110K_1%_0.0625W_100PPM,"General Purpose Thick Film Chip Resistor",1,kg,,NO,1.0,0.5,0.35,,3,4,0.0002,0,EcoInvent,"resistor production, surface-mounted",kg,Input,"0402.",,,,,,,,,,,,,,,
R128,0402,Passives,Resistors,Thick Film,GENERIC,R0402_300K_1%_0.0625W_100PPM,"General Purpose Thick Film Chip Resistor",1,kg,,NO,1.0,0.5,0.35,,3,4,0.0002,0,EcoInvent,"resistor production, surface-mounted",kg,Input,"0402.",,,,,,,,,,,,,,,
R129,0402,Passives,Resistors,Thick Film,GENERIC,R0402_15K_1%_0.0625W_100PPM,"General Purpose Thick Film Chip Resistor",1,kg,,NO,1.0,0.5,0.35,,3,4,0.0002,0,EcoInvent,"resistor production, surface-mounted",kg,Input,"0402.",,,,,,,,,,,,,,,
R130,0402,Passives,Resistors,Thick Film,GENERIC,R0402_13K_1%_0.0625W_100PPM,"General Purpose Thick Film Chip Resistor",1,kg,,NO,1.0,0.5,0.35,,3,4,0.0002,0,EcoInvent,"resistor production, surface-mounted",kg,Input,"0402.",,,,,,,,,,,,,,,
R131,0402,Passives,Resistors,Thick Film,GENERIC,R0402_40K2_1%_0.0625W_100PPM,"General Purpose Thick Film Chip Resistor",1,kg,,NO,1.0,0.5,0.35,,3,4,0.0002,0,EcoInvent,"resistor production, surface-mounted",kg,Input,"0402.",,,,,,,,,,,,,,,
R132,0805,Passives,Resistors,Thick Film,GENERIC,R0805_1M_1%_0.125W_100PPM,"General Purpose Thick Film Chip Resistor",1,kg,,NO,2,1.25,0.5,,3,4,0.0002,0,EcoInvent,"resistor production, surface-mounted",kg,Input,"0805 resistor.",,,,,,,,,,,,,,,
R150,0402,Passives,Resistors,Thick Film,GENERIC,R0402_162K_1%_0.063W_100PPM,"General Purpose Thick Film Chip Resistor",1,kg,,NO,1.0,0.5,0.35,,3,4,0.0002,0,EcoInvent,"resistor production, surface-mounted",kg,Input,"0402.",,,,,,,,,,,,,,,
R151,0402,Passives,Resistors,Thick Film,GENERIC,R0402_13K3_1%_0.0625W_100PPM,"General Purpose Thick Film Chip Resistor",1,kg,,NO,1.0,0.5,0.35,,3,4,0.0002,0,EcoInvent,"resistor production, surface-mounted",kg,Input,"0402.",,,,,,,,,,,,,,,
"R155, R156",0402,Passives,Resistors,Thick Film,GENERIC,R0402_200K_1%_0.0625W_100PPM,"General Purpose Thick Film Chip Resistor",2,kg,,NO,1.0,0.5,0.35,,3,4,0.0002,0,EcoInvent,"resistor production, surface-mounted",kg,Input,"0402.",,,,,,,,,,,,,,,
"R161, R163, R165, R167, R168, R170, R171, R173, R174, R176",0402,Passives,Resistors,Thick Film,GENERIC,R0402_8R2_1%_0.0625W_200PPM,"General Purpose Thick Film Chip Resistor",10,kg,,NO,1.0,0.5,0.35,,3,4,0.0002,0,EcoInvent,"resistor production, surface-mounted",kg,Input,"0402.",,,,,,,,,,,,,,,
"R162, R166, R169",0805,Passives,Resistors,Thick Film,GENERIC,R0805_0R05_1%_0.25W_300PPM,"Low Resistance Thick Film Chip Resistor",3,kg,,NO,2,1.25,0.5,,3,4,0.0002,0,EcoInvent,"resistor production, surface-mounted",kg,Input,"0805 resistor.",,,,,,,,,,,,,,,
R164,0805,Passives,Resistors,Thick Film,GENERIC,R0805_1K_1%_0.125W_100PPM,"General Purpose Thick Film Chip Resistor",1,kg,,NO,2,1.25,0.5,,3,4,0.0002,0,EcoInvent,"resistor production, surface-mounted",kg,Input,"0805 resistor.",,,,,,,,,,,,,,,
"R175, R180",1206,Passives,Resistors,Current Sense,OHMITE,LVK20R002FER,"Four Terminal High Precision Current Sense, 0.002Ω, 1%, 0.75W",2,kg,,NO,3.2,1.6,0.55,,3,4,0.003,0,EcoInvent,"resistor production, surface-mounted",kg,Input,"1206 current sense resistor; same dimensions as standard 1206 resistor, mass ~0.012g.",,,,,,,,,,,,,,,
"R178_P24V_FUSE1, R178_P24V_FUSE2, R178_P24V_FUSE3, R178_P24V_FUSE4, R178_P24V_FUSE5, R178_P24V_FUSE6, R178_P24V_FUSE7, R178_P24V_FUSE8",0402,Passives,Resistors,Thick Film,GENERIC,R0402_620K_1%_0.0625W_100PPM,"General Purpose Thick Film Chip Resistor",8,kg,,NO,1.0,0.5,0.35,,3,4,0.0002,0,EcoInvent,"resistor production, surface-mounted",kg,Input,"0402.",,,,,,,,,,,,,,,
R179,0402,Passives,Resistors,Zero Ohm,GENERIC,R0402_0R_JUMPER,"1A (0.05R Max DC Resistance) Zero Ohm Jumper",1,kg,,NO,1.0,0.5,0.35,,3,4,0.0002,0,EcoInvent,"resistor production, surface-mounted",kg,Input,"0402 zero ohm jumper; mass same as 0402 resistor.",,,,,,,,,,,,,,,
"R182, R183, R195, R196",0402,Passives,Resistors,Thick Film,GENERIC,R0402_330R_1%_0.0625W_100PPM,"General Purpose Thick Film Chip Resistor",4,kg,,NO,1.0,0.5,0.35,,3,4,0.0002,0,EcoInvent,"resistor production, surface-mounted",kg,Input,"0402.",,,,,,,,,,,,,,,
R186,0402,Passives,Resistors,Thick Film,GENERIC,R0402_43K_1%_0.0625W_100PPM,"General Purpose Thick Film Chip Resistor",1,kg,,NO,1.0,0.5,0.35,,3,4,0.0002,0,EcoInvent,"resistor production, surface-mounted",kg,Input,"0402.",,,,,,,,,,,,,,,
"R188_P24V_FUSE1, R188_P24V_FUSE2, R188_P24V_FUSE3, R188_P24V_FUSE4, R188_P24V_FUSE5, R188_P24V_FUSE6, R188_P24V_FUSE7, R188_P24V_FUSE8",0402,Passives,Resistors,Thick Film,GENERIC,R0402_9K1_1%_0.0625W_100PPM,"General Purpose Thick Film Chip Resistor",8,kg,,NO,1.0,0.5,0.35,,3,4,0.0002,0,EcoInvent,"resistor production, surface-mounted",kg,Input,"0402.",,,,,,,,,,,,,,,
"R189_P24V_FUSE1, R189_P24V_FUSE2, R189_P24V_FUSE3, R189_P24V_FUSE4, R189_P24V_FUSE5, R189_P24V_FUSE6, R189_P24V_FUSE7, R189_P24V_FUSE8",0402,Passives,Resistors,Thick Film,GENERIC,R0402_30K_1%_0.0625W_100PPM,"General Purpose Thick Film Chip Resistor",8,kg,,NO,1.0,0.5,0.35,,3,4,0.0002,0,EcoInvent,"resistor production, surface-mounted",kg,Input,"0402.",,,,,,,,,,,,,,,
"R191, R192, R197, R198",0402,Passives,Resistors,Thick Film,GENERIC,R0402_22R_1%_0.0625W_100PPM,"General Purpose Thick Film Chip Resistor",4,kg,,NO,1.0,0.5,0.35,,3,4,0.0002,0,EcoInvent,"resistor production, surface-mounted",kg,Input,"0402.",,,,,,,,,,,,,,,
SW1,DIP,Electromechanical,Switches,DIP Switch,TE CONNECTIVITY,1571983-4,"4 Way SPST SMD DIP Switch, Latched, Contact Rating 0.025A 24VDC",1,kg,,NO,6.2,4.5,1.45,,1.2,1.3,0.05,0,EcoInvent,"electronic component, passive, unspecified",kg,Input,"Passive too general but accepted",,,,,,,,,,,,,,,
"T1, T3",SOT23,Discrete Semiconductors,Small Signal,MOSFET,ONSEMI,BSS138LT1G,"50V, 200mA N-Channel Enhancement Mode Field-Effect Transistor",2,kg,,NO,2.9,1.3,1,,1.2,1.3,0.0035,,EcoInvent,"transistor production, surface-mounted",kg,Input,Mass from casing,,,,,,,,,,,,,,,
"T2_CONTACT_OUT_0, T2_CONTACT_OUT_1, T2_CONTACT_OUT_2, T2_CONTACT_OUT_3, T2_CONTACT_OUT_4, T2_CONTACT_OUT_5",SOT23,Discrete Semiconductors,Small Signal,MOSFET,NEXPERIA,NX138BKW,"60V, 210mA, N-Channel Trench MOSFET",6,kg,,NO,2.9,1.3,1,,1.2,1.3,0.0035,,EcoInvent,"transistor production, surface-mounted",kg,Input,Mass from casing,,,,,,,,,,,,,,,
SMD_PROCESS,,Assembly Processes,SMD,,,,Assambly SMD components in the PCB,1,m2,,YES,195,100,,,,,,,EcoInvent,"mounting, surface mount technology, Pb-free solder",m2,Input,,,,,,,,,,,,,,,,
THT_PROCESS,,Assembly Processes,THT,,,,Assambly THT components in the PCB,1,m2,,YES,195,100,,,,,,,EcoInvent,"mounting, through-hole technology, Pb-free solder",m2,Input,,,,,,,,,,,,,,,,
