Designators,Casing,Section,Subsection,Ecoinvent_unit,unit,Total_quantity,Ecoinvent_flow,Category,Manufacturer,Part_Number,Description,number_elements,Quantity_per_element,Has_datasheet_info,L_mm,W_mm,H_mm,Volume_cm3_excel,Density_min_g_cm3,Density_max_g_cm3,Metal_extra_g,Other_extra_g,Database,Direction,Database_component_title,Comments,Order_index,Category_order,Group_order,Method,Volume_cm3,Mass_per_element_g,Density_used_g_cm3,Density_source,Validation_error,Subsystem
PCB,,PCB,,m2,m2,0.017,"printed wiring board production, for through-hole mounting, Pb free surface",AUTO,Panel of 2,EDA-04976-V1,,1,0.017,YES,170,100,,,,,,,EcoInvent,Input,,"Technological similarity: A power supply unit PCB is more representative of an inverter power card (2‑4 layers, power components) than a desktop mainboard (high‑density, many layers). Pb‑free consistency: The Pb‑free version aligns with the Pb‑free solder used elsewhere in the BOM (e.g., mounting process), avoiding methodological inconsistency and reflecting modern RoHS‑compliant practices.",1,1,1,AREA_LW_MM_TO_M2,,,,,,contactor_card
PCB Terminal Test Pins,,Passives,Test PIN,kg,kg,0.00056,"electronic component, passive, unspecified",AUTO,VERO TECHNOLOGIES,20-2136,Black Bead PCB Terminal Test Pin for 1.6mm PCB Thickness (1.32mm Hole),7,8e-05,YES,,,,,,,,,EcoInvent,Input,,Chossen passive generic because it includes thins kind of components and there is not another alternative.,2,1,2,DATASHEET_QTY_KG,,0.08,,MISSING,,contactor_card
F1,,Passives,Protection,kg,kg,1.0018708e-05,"electronic component, passive, unspecified",AUTO,Littelfuse,microSMD005F,PolySwitch® Resettable PPTC Overcurrent Protection Device,1,1.0018708e-05,NO,3.21,2.57,0.72,,1.2,1.5,0.002,,EcoInvent,Input,,,12,1,8,CALCULATED,0.005939784,0.010019,1.35,MIN_MAX_AVG,,contactor_card
IC1,DIP6 SMD,Modules,Hybrid Relays,kg,kg,0.000427,"electronic component production, active, unspecified",AUTO,Panasonic,AQV210EHA,"GE 1 Form A, PhotoMOS Relay, 5000V Reinforced Insulation, 350V 130mA",1,0.000427,YES,,,,,,,,,EcoInvent,Input,0.1-0.12,"The PhotoMOS is a solid-state relay combining an LED and MOSFETs in an SMD package. No specific ecoinvent dataset exists. The generic active dataset averages diodes, transistors, and ICs, which reasonably captures the mix of technologies present in the component",13,1,9,DATASHEET_QTY_KG,,0.427,,MISSING,,contactor_card
J1,,Electromechanical,Connectors,kg,kg,0.00319,"electric connector production, wire clamp",AUTO,TYCO ELECTRONICS,640900-1,5 Circuits In-Line - Universal MATE-N-LOK Connector,1,0.00319,YES,,,,,,,,,EcoInvent,Input,,Mass info: https://www.tme.eu/se/details/640900-1/signalkontaktdon-avstand-6-35mm/te-connectivity/,14,1,10,DATASHEET_QTY_KG,,3.19,,MISSING,,contactor_card
"J2,J4",,Electromechanical,Connectors,kg,kg,0.003966,"electric connector production, peripheral type buss",AUTO,TE Connectivity,350789-1,3 Circuits In-Line - Universal MATE-N-LOK Connector,2,0.001983,YES,,,,,,,,,EcoInvent,Input,,Good proxy for a general‑purpose industrial connector; not exact but covers similar materials and function For the mass: https://www.tme.com/in/en/details/350789-1/raster-signal-connectors-6-35mm/te-connectivity/,15,1,10,DATASHEET_QTY_KG,,1.983,,MISSING,,contactor_card
J3,,Electromechanical,Connectors,kg,kg,0.00331,"electric connector production, wire clamp",AUTO,OSRAM,N2514-6003RB,14 Contacts Straight .100'' x .100'' Low Profile Four-Wall Header (Solder Tail 3.94mm) 2500 Series,1,0.00331,YES,,,,,,,,,EcoInvent,Input,,mass data: https://www.tme.com/ux/en-us/details/n2514-6003-rb/idc-connectors/3m/7100243253/,16,1,10,DATASHEET_QTY_KG,,3.31,,MISSING,,contactor_card
"R1-R6,R15-R19,R36-R46",1206,Passives,Resistors,kg,kg,0.000282832,"resistor production, surface-mounted",AUTO,GENERIC,R1206_270K_0.1%_0.25W_25PPM,±0.1% 0.25W ±25ppm/°C Thin Film Chip Resistor,22,1.2856e-05,NO,3.2,1.6,0.55,,3,4,0.003,0,EcoInvent,Input,,,18,1,12,CALCULATED,0.002816,0.012856,3.5,MIN_MAX_AVG,,contactor_card
"R7-R14, R20-R35,R47 > R62, R65 > R72,R76 > R83, R87 > R102, R106 > R121, R123 > R130, R135 > R142, R159 > R166, R179 > R186, R199 > R206, R223 > R230, R245 > R252",1206,Passives,Resistors,kg,kg,0.001851264,"resistor production, surface-mounted",AUTO,GENERIC,R1206_4K3_1%_0.25W_100PPM,±1% 0.25W ±100ppm/°C General Purpose Thick Film Chip Resistor,144,1.2856e-05,NO,3.2,1.6,0.55,,3,4,0.003,0,EcoInvent,Input,,,19,1,12,CALCULATED,0.002816,0.012856,3.5,MIN_MAX_AVG,,contactor_card
"R63,R75",1206,Passives,Resistors,kg,kg,2.5712e-05,"resistor production, surface-mounted",AUTO,GENERIC,R1206_30K_0.1%_0.25W_25PPM,±0.1% 0.25W ±25ppm/°C Thin Film Chip Resisto,2,1.2856e-05,NO,3.2,1.6,0.55,,3,4,0.003,0,EcoInvent,Input,,,20,1,12,CALCULATED,0.002816,0.012856,3.5,MIN_MAX_AVG,,contactor_card
"R64, R74, R85, R86, R103,R221, R222",1206,Passives,Resistors,kg,kg,8.9992e-05,"resistor production, surface-mounted",AUTO,Generic,R1206_1K_1%_0.25W_100PPM,"1 kΩ, 1%, 0.25W, 100 ppm/°C, 1206",7,1.2856e-05,NO,3.2,1.6,0.55,,3,4,0.003,0,EcoInvent,Input,0.105,,21,1,12,CALCULATED,0.002816,0.012856,3.5,MIN_MAX_AVG,,contactor_card
"R73, R213, R214,R237, R238",1206,Passives,Resistors,kg,kg,6.428e-05,"resistor production, surface-mounted",AUTO,GENERIC,R1206_100K_1%_0.25W_100PPM,±1% 0.25W ±100ppm/°C General Purpose Thick Film Chip Resistor,5,1.2856e-05,NO,3.2,1.6,0.55,,3,4,0.003,0,EcoInvent,Input,,,22,1,12,CALCULATED,0.002816,0.012856,3.5,MIN_MAX_AVG,,contactor_card
"R84, R122, R131 > R134, R149, R150, R157, R158",1206,Passives,Resistors,kg,kg,0.00012856,"resistor production, surface-mounted",AUTO,Generic,R1206_10K_1%_0.25W_100PPM,"10 kΩ, 1%, 0.25W, 100 ppm/°C, 1206",10,1.2856e-05,NO,3.2,1.6,0.55,,3,4,0.003,0,EcoInvent,Input,0.105,,23,1,12,CALCULATED,0.002816,0.012856,3.5,MIN_MAX_AVG,,contactor_card
R104,1206,Passives,Resistors,kg,kg,1.2856e-05,"resistor production, surface-mounted",AUTO,Generic,R1206_2K_1%_0.25W_100PPM,"2 kΩ, 1%, 0.25W, 100 ppm/°C, 1206",1,1.2856e-05,NO,3.2,1.6,0.55,,3,4,0.003,0,EcoInvent,Input,0.105,,24,1,12,CALCULATED,0.002816,0.012856,3.5,MIN_MAX_AVG,,contactor_card
R105,1206,Passives,Resistors,kg,kg,1.2856e-05,"resistor production, surface-mounted",AUTO,Generic,R1206_100R_1%_0.25W_100PPM,"100 Ω, 1%, 0.25W, 100 ppm/°C, 1206",1,1.2856e-05,NO,3.2,1.6,0.55,,3,4,0.003,0,EcoInvent,Input,0.105,,25,1,12,CALCULATED,0.002816,0.012856,3.5,MIN_MAX_AVG,,contactor_card
"R143 > R148, R151 > R156,R167 > R178, R187 > R198,R207 > R212, R215 > R220, R231 > R236, R239 > R244, R253 > R258",1206,Passives,Resistors,kg,kg,0.000848496,"resistor production, surface-mounted",AUTO,GENERIC,R1206_33K_1%_0.25W_100PPM,±1% 0.25W ±100ppm/°C General Purpose Thick Film Chip Resistor,66,1.2856e-05,NO,3.2,1.6,0.55,,3,4,0.003,0,EcoInvent,Input,,,26,1,12,CALCULATED,0.002816,0.012856,3.5,MIN_MAX_AVG,,contactor_card
RV1,,Passives,Resistors,kg,kg,0.005948,"resistor production, wirewound, through-hole mounting",AUTO,EPCOS / TDK,B72220S0511K101 or S20K510,±10% 510VAC 1W SIOV Metal Oxide Varistor,1,0.005948,YES,,,,,,,,,EcoInvent,Input,,Mass data: https://www.tme.eu/en/details/b72220s0511k101/varistors-epcos-tdk/,27,1,12,DATASHEET_QTY_KG,,5.948,,MISSING,,contactor_card
"RL4, RL5",,Magnetic,Relay,kg,kg,0.07,"transformer production, low voltage use",AUTO,OMRON ELECTRONIC,G2RL-24-DC24,"8A@250VAC, DPDT Power Relay, G2RL Series",2,0.035,YES,,,,,,,,,EcoInvent,Input,,,30,1,15,DATASHEET_QTY_KG,,35.0,,MISSING,,contactor_card
"C1, C3",1206,Passives,Capacitors,kg,kg,0.000113152,"capacitor production, for surface-mounting",MLCC,GENERIC,CC1206_100PF_50V_5%_NP0,,2,5.6576e-05,NO,3.2,1.6,1.7,,6,7,0,,EcoInvent,Input,0.055-0.06,"SMD type capacitors"" and ""termination (SMT)  exactly what MLCCs are.",3,2,3,CALCULATED,0.008704,0.056576,6.5,MIN_MAX_AVG,,contactor_card
"C2, C6, C7",1206,Passives,Capacitors,kg,kg,0.000169728,"capacitor production, for surface-mounting",MLCC,GENERIC,CC1206_1NF_50V_10%_X7R,,3,5.6576e-05,NO,3.2,1.6,1.7,,6,7,0,,EcoInvent,Input,0.055-0.06,"SMD type capacitors"" and ""termination (SMT)  exactly what MLCCs are.",4,2,3,CALCULATED,0.008704,0.056576,6.5,MIN_MAX_AVG,,contactor_card
"C4, C5",1206,Passives,Capacitors,kg,kg,0.000113152,"capacitor production, for surface-mounting",MLCC,GENERIC,CC1206_100NF_50V_10%_X7R,,2,5.6576e-05,NO,3.2,1.6,1.7,,6,7,0,,EcoInvent,Input,0.055-0.06,"SMD type capacitors"" and ""termination (SMT)  exactly what MLCCs are.",5,2,3,CALCULATED,0.008704,0.056576,6.5,MIN_MAX_AVG,,contactor_card
"C8, C9",1206,Passives,Capacitors,kg,kg,0.000113152,"capacitor production, for surface-mounting",MLCC,GENERIC,CC1206_10NF_50V_10%_X7R,,2,5.6576e-05,NO,3.2,1.6,1.7,,6,7,0,,EcoInvent,Input,0.055-0.06,"SMD type capacitors"" and ""termination (SMT)  exactly what MLCCs are.",6,2,3,CALCULATED,0.008704,0.056576,6.5,MIN_MAX_AVG,,contactor_card
"D1, D3, D12",SOT23-3,Discrete Semiconductors,Small signal,kg,kg,2.46375e-05,"diode production, glass-, for surface-mounting",Dual,NXP SEMICONDUCTORS,BAV199,75V 250mW Low-Leakage Double Diode,3,8.2125e-06,NO,2.9,1.3,1,,1.2,1.3,0.0035,,EcoInvent,Input,0.008-0.012,,7,3,4,CALCULATED,0.00377,0.008212,1.25,MIN_MAX_AVG,,contactor_card
"D2, D4-D6, D9, D10, D13, D14",SOD-80C,Discrete Semiconductors,Small signal,kg,kg,0.00014992,"diode production, glass-, for surface-mounting",Zener,NEXPERIA,BZV55-B10,10V 500mW Voltage Regulator Diode,8,1.874e-05,NO,,,,0.00744,2.2,2.3,0.002,,EcoInvent,Input,0.017,,8,4,5,CALCULATED,0.00744,0.01874,2.25,MIN_MAX_AVG,,contactor_card
D7,DO-214AA,Discrete Semiconductors,Small signal,kg,kg,0.000102937052,"diode production, glass-, for surface-mounting",TVS,onsemi (Fairchild),SMBJ24A,24V 600W Uni-Directional Transient Voltage Suppressor Diode,1,0.000102937052,NO,4.57,3.94,2.4,,1.2,1.25,0.05,,EcoInvent,Input,0.08-0.1,,9,5,6,CALCULATED,0.04321392,0.102937,1.225,MIN_MAX_AVG,,contactor_card
"D8, D11",DO-214AA,Discrete Semiconductors,Small signal,kg,kg,0.000205874104,"diode production, glass-, for surface-mounting",TVS,LITTELFUSE,SMBJ48CA,48V 600W Bi-Directional Transient Voltage Suppressor Diode,2,0.000102937052,NO,4.57,3.94,2.4,,1.2,1.25,0.05,,EcoInvent,Input,0.08-0.1,,10,5,6,CALCULATED,0.04321392,0.102937,1.225,MIN_MAX_AVG,,contactor_card
D15-D20,TO-247-2,Discrete Semiconductors,Power,kg,kg,0.03252,"transistor production, wired, big size, through-hole mounting",Rectifier diode,VISHAY,VS-45EPS16L-M3,"1.16V 45A 1600VR @ 1mA, High Voltage Input Rectifier Diod",6,0.00542,YES,,,,,,,,,EcoInvent,Input,,Selected a transistor because the characteristics (materials and size) are more similar,11,6,7,DATASHEET_QTY_KG,,5.42,,MISSING,,contactor_card
LD1,,Discrete Semiconductors,Optoelectronics,kg,kg,0.035,light emitting diode production,LED,OSRAM,LY T676-R1S2-26,Hyper TOPLED® SMD Yellow LED,1,0.035,YES,,,,,,,,,EcoInvent,Input,,"Only LED‑specific option in your list. However, important limitations from the description: Represents a 5mm through‑hole LED. Default weight assumption: 0.35 g per LED (much larger than your 0.059 g SMD)",17,7,11,DATASHEET_QTY_KG,,35.0,,MISSING,,contactor_card
T1,SOT23-3,Discrete Semiconductors,Small signal,kg,kg,8.2125e-06,"transistor production, surface-mounted",Bipolar Transistor,onsemi,MMBT3906LT1G,40V 200mA PNP General Purpose Transistor,1,8.2125e-06,NO,2.9,1.3,1,,1.2,1.3,0.0035,,EcoInvent,Input,,Specific for surface‑mounted transistors; matches SOT‑23 package.,28,8,13,CALCULATED,0.00377,0.008212,1.25,MIN_MAX_AVG,,contactor_card
"T2,T5",DPAK,Discrete Semiconductors,Small signal,kg,kg,0.0006558784,"transistor production, surface-mounted",MOSFET,ST MICROELECTRONICS,STD10NF10T4,100V 13A N-Channel STripFET® II Power MOSFET,2,0.0003279392,NO,6.6,6.2,2.3,,,1.2,0.215,,EcoInvent,Input,,Specific for surface‑mounted transistors.,29,9,14,CALCULATED,0.094116,0.327939,1.2,MAX_ONLY,,contactor_card
PCB,,PCB,,m2,m2,0.017,"printed wiring board production, for through-hole mounting, Pb free surface",AUTO,Panel of 2,EDA-04977-V1,"Panel of 2, 160x105 mm",1,0.017,YES,170,100,,,,,,,EcoInvent,Input,,"Technological similarity: A power supply unit PCB is more representative of an inverter power card (2‑4 layers, power components) than a desktop mainboard (high‑density, many layers). Pb‑free consistency: The Pb‑free version aligns with the Pb‑free solder used elsewhere in the BOM (e.g., mounting process), avoiding methodological inconsistency and reflecting modern RoHS‑compliant practices.",1,1,1,AREA_LW_MM_TO_M2,,,,,,filter_card
"HVDC_M, HVDV_P",,Passives,Test PIN,kg,kg,0.00016,"electronic component, passive, unspecified",AUTO,VERO TECHNOLOGIES,20-2136,Black Bead PCB Terminal Test Pin for 1.6mm PCB Thickness (1.32mm Hole),2,8e-05,YES,,,,,,,,,EcoInvent,Input,,Chossen passive generic because it includes thins kind of components and there is not another alternative.,6,1,4,DATASHEET_QTY_KG,,0.08,,MISSING,,filter_card
L1,,Magnetics,Inductors,kg,KG,0.0827,"transformer production, low voltage use",AUTO,CERN,HCRAPQU001-0,HF Common Mode Inductor,1,0.0827,YES,,,,,,,,,EcoInvent,Input,"transformer production, low voltage use",The proportions should be modifiedon row; user will delete,9,1,6,DATASHEET_QTY_KG,,82.7,,MISSING,,filter_card
R1-R4,,Passives,Resistors,kg,kg,0.0496644,"resistor, metal film type, through-hole mounting",AUTO,Generic,RMF_47K_5%_3W_250PPM_2286-1670X520,±5% 3W ±250ppm/°C Leaded Power Metal Film Resistor,4,0.0124161,NO,,,,3.5466,3,4,0.003,0,EcoInvent,Input,"Volume calculated from area and density, THT",,10,1,7,CALCULATED,3.5466,12.4161,3.5,MIN_MAX_AVG,,filter_card
THT_PROCESS,,Assembly Processes,THT,m2,m2,0.017,"mounting, through-hole technology, Pb-free solder",AUTO,,,Assambly THT components in the PCB,1,0.017,YES,170,100,,,,,,,EcoInvent,Input,,,12,1,8,AREA_LW_MM_TO_M2,,,,,,filter_card
"C1, C4",,Passives,Capacitors,kg,kg,0.002673,"capacitor production, film type, for through-hole mounting",Film,WIMA,MKY22W21004B00MSSD,"10 nF, ±20%, 300VAC, Class Y2, MKP-Y2",2,0.0013365,NO,18,5,11,,1.3,1.4,0,0,EcoInvent,Input,,,2,2,2,CALCULATED,0.99,1.3365,1.35,MIN_MAX_AVG,,filter_card
C3,,Passives,Capacitors,kg,kg,0.04425975,"capacitor production, film type, for through-hole mounting",Film,WIMA,MKP4O141507G00MSSD,±20% 1000VDC/400VAC Metallized Polypropylene Film Capacitor (MKP4),1,0.04425975,NO,20,39.5,41.5,,1.3,1.4,0,,EcoInvent,Input,,,3,2,2,CALCULATED,32.785,44.25975,1.35,MIN_MAX_AVG,,filter_card
C8,,Passives,Capacitors,kg,kg,0.09804375,"capacitor production, film type, for through-hole mounting",Film,WIMA,DCP4L055007JD4KSSD,±10% 800VDC Metallized Polypropylene Capacitor (MKP4) For DC-Link Applications,1,0.09804375,NO,35,41.5,50,,1.3,1.4,0,,EcoInvent,Input,,,5,2,2,CALCULATED,72.625,98.04375,1.35,MIN_MAX_AVG,,filter_card
"C2,C5",,Passives,Capacitors,kg,kg,0.0019305,"capacitor production, film type, for through-hole mounting",Film,WIMA,MKY22W14703F00MSSD,±20% 300VAC Metallized Polypropylene RFI Capacitor Class Y2 (MKP-Y2),2,0.00096525,NO,13,5,11,,1.3,1.4,0,,EcoInvent,Input,,,11,2,2,CALCULATED,0.715,0.96525,1.35,MIN_MAX_AVG,,filter_card
"C6, C7, C9, C10",,Passives,Capacitors,kg,kg,0.5615588,"capacitor production, electrolyte type, > 2cm height",Electrolytic,NICHICON,LGR2G221MELA50,±20% 400V Aluminium Electrolytic Capacitor (LGR Serie),4,0.1403897,NO,,,,25.5254,5,6,0,,EcoInvent,Input,,,4,3,3,CALCULATED,25.5254,140.3897,5.5,MIN_MAX_AVG,,filter_card
"J1,J2,J4",,Passives,Electromechanical,kg,kg,0.005949,"electric connector production, peripheral type buss",Connectors,TYCO ELECTRONICS,350789-1,3 Circuits In-Line - Universal MATE-N-LOK Connector,3,0.001983,YES,,,,,,,,,EcoInvent,Input,,Good proxy for a general‑purpose industrial connector; not exact but covers similar materials and function For the mass: https://www.tme.com/in/en/details/350789-1/raster-signal-connectors-6-35mm/te-connectivity/,7,4,5,DATASHEET_QTY_KG,,1.983,,MISSING,,filter_card
J3,,Passives,Electromechanical,kg,kg,0.00137,"electric connector production, wire clamp",Connectors,TYCO ELECTRONICS,350786-1,2 Circuits In-Line - Universal MATE-N-LOK Connector,1,0.00137,YES,,,,,,,,,EcoInvent,Input,,Mass info: https://www.tme.com/in/en/details/350786-1/raster-signal-connectors-6-35mm/te-connectivity/,8,4,5,DATASHEET_QTY_KG,,1.37,,MISSING,,filter_card
PCB,,PCB,,m2,m2,0.01,"printed wiring board production, for through-hole mounting, Pb free surface",AUTO,Panel of 2 PCBs,,Input EMC Fuse Card Printed Circuit Board (Bare),1,0.01,YES,100,100,,,,,,,EcoInvent,Input,,Base PCB from EcoInvent,1,1,1,AREA_LW_MM_TO_M2,,,,,,fuse_card
FH1-FH3,,Electromechanical,Fuse holder,kg,kg,0.0343014,"electronic component, passive, unspecified",AUTO,KEYSTONE,3576,Fuse Holder for 10.3x38mm (5AG) Fuses,3,0.0114338,NO,,,,9.88,1.12,1.15,0.22,0,EcoInvent,Input,,Passive component (generic): https://www.tme.eu/se/details/640900-1/signalkontaktdon-avstand-6-35mm/te-connectivity/,7,1,4,CALCULATED,9.88,11.4338,1.135,MIN_MAX_AVG,,fuse_card
FHC1-FHC3,,Hardware,Enclosure,kg,kg,0.01077,"electronic component, passive, unspecified",AUTO,KEYSTONE,3576C,Cover for Fuse Holder KEYSTONE 3576,3,0.00359,YES,,,,,,,,,EcoInvent,Input,,"No more accurate component, it is considered generic",8,1,5,DATASHEET_QTY_KG,,3.59,,MISSING,,fuse_card
J1,,Electromechanical,Connectors,kg,kg,0.00319,"electric connector production, wire clamp",AUTO,TYCO ELECTRONICS,640900-1,5 Circuits In-Line - Universal MATE-N-LOK Connector,1,0.00319,YES,,,,,,,,,EcoInvent,Input,,Mass info: https://www.tme.eu/se/details/640900-1/signalkontaktdon-avstand-6-35mm/te-connectivity/,9,1,6,DATASHEET_QTY_KG,,3.19,,MISSING,,fuse_card
J2,,Electromechanical,Connectors,kg,kg,0.00137,"electric connector production, wire clamp",AUTO,TYCO ELECTRONICS,350786-1,2 Circuits In-Line - Universal MATE-N-LOK Connector,1,0.00137,YES,,,,,,,,,EcoInvent,Input,,Mass info: https://www.tme.com/in/en/details/350786-1/raster-signal-connectors-6-35mm/te-connectivity/,10,1,6,DATASHEET_QTY_KG,,1.37,,MISSING,,fuse_card
J3,,Electromechanical,Connectors,kg,kg,0.0526,"electric connector production, peripheral type buss",AUTO,CERN,EDA-02872-V1-3,"2 Circuits In-Line - Universal MATE-N-LOK with Central Wire Pin, 7 Poles, VDE  Metalok Bantam Circular Male Connector, Mounted On 15mm M3 Spacer",1,0.0526,YES,,,,,,,,,EcoInvent,Input,,"Although the dataset represents ICT connectors (e.g., USB ports), its material composition is comparable TO j3. Explanation as a special component the mass calculation",11,1,6,DATASHEET_QTY_KG,,52.6,,MISSING,,fuse_card
R1-R9,,Passives,Resistors,kg,kg,0.00098775,"resistor, metal film type, through-hole mounting",AUTO,Generic,RMF_68K_1%_0.6W_50PPM_1016-630X250,±1% 0.6W ±50ppm/°C Leaded Metal Film Resistor,9,0.00010975,NO,,,,0.0285,3,4,0.01,0,EcoInvent,Input,,The dataset explicitly represents THT.,12,1,7,CALCULATED,0.0285,0.10975,3.5,MIN_MAX_AVG,,fuse_card
THT_PROCESS,,Assembly Processes,THT,m2,m2,0.01,"mounting, through-hole technology, Pb-free solder",AUTO,,,Assambly THT components in the PCB,1,0.01,YES,100,100,,,,,,,EcoInvent,Input,,It is all THT,13,1,8,AREA_LW_MM_TO_M2,,,,,,fuse_card
C1-C3,,Passives,Capacitors,kg,kg,0.0398034,"capacitor production, film type, for through-hole mounting",Film,WIMA,MKX2AW41006D00MSSD,±20% 305VAC Metallized Polypropylene RFI Capacitor Class X2 (MKP-X2),3,0.0132678,NO,31.5,13,24,,1.3,1.4,0,,EcoInvent,Input,,,2,2,2,CALCULATED,9.828,13.2678,1.35,MIN_MAX_AVG,,fuse_card
C4,,Passives,Capacitors,kg,kg,0.00096525,"capacitor production, film type, for through-hole mounting",Film,WIMA,MKY22W14703F00MSSD,±20% 300VAC Metallized Polypropylene RFI Capacitor Class Y2 (MKP-Y2),1,0.00096525,NO,13,5,11,,1.3,1.4,0,,EcoInvent,Input,,,3,2,2,CALCULATED,0.715,0.96525,1.35,MIN_MAX_AVG,,fuse_card
C1b-C3b,,Passives,Capacitors,kg,kg,0.024792075,"capacitor production, film type, for through-hole mounting",Film,WIMA,MKX2AW41005I00MSSD,±20% 305VAC Metallized Polypropylene RFI Capacitor Class X2 (MKP-X2),3,0.008264025,NO,26.5,11,21,,1.3,1.4,0,0,EcoInvent,Input,,,4,2,2,CALCULATED,6.1215,8.264025,1.35,MIN_MAX_AVG,,fuse_card
C4b,,Passives,Capacitors,kg,kg,0.0013365,"capacitor production, film type, for through-hole mounting",Film,WIMA,MKY22W21004B00MSSD,"10 nF, ±20%, 300VAC, Class Y2, MKP-Y2",1,0.0013365,NO,18,5,11,,1.3,1.4,0,0,EcoInvent,Input,,,5,2,2,CALCULATED,0.99,1.3365,1.35,MIN_MAX_AVG,,fuse_card
F1-F3,,Passives,Protection,kg,kg,0.024,"electronic component, passive, unspecified",Fuse,MERSEN,W1014572,"Protistor® Cylindrical Fuse-Links, Size 10x38 gR 690VAC",3,0.008,YES,,,,,,,,,EcoInvent,Input,0.008-0.01,"It is a big estimation, the other alternative is more described but it doe not have the same technology.",6,3,3,DATASHEET_QTY_KG,,8.0,,MISSING,,fuse_card
PCB,,PCB,,m2,m2,0.0168,"printed wiring board production, for through-hole mounting, Pb free surface",AUTO,Panel of 2,EDA-05137-V1,"Panel of 2, 160x105 mm",1,0.0168,YES,160,105,,,,,,,EcoInvent,Input,,"Technological similarity: A power supply unit PCB is more representative of an inverter power card (2‑4 layers, power components) than a desktop mainboard (high‑density, many layers). Pb‑free consistency: The Pb‑free version aligns with the Pb‑free solder used elsewhere in the BOM (e.g., mounting process), avoiding methodological inconsistency and reflecting modern RoHS‑compliant practices.",1,1,1,AREA_LW_MM_TO_M2,,,,,,inverter_power_card
IC3–IC6,,Module,DC/DC Converters,kg,kg,0.0192,"electronic component production, active, unspecified",AUTO,Traco Power,TRV 1-2413M,"19.2-28.8VDC to +15VDC/±67mA, Ripple and Noise (max) 100mVpk-pk,DC/DC Medical Converter",4,0.0048,YES,,,,,,,,,EcoInvent,Input,,"It is intentionally designed as a ""rough proxy"" for active components when no better data exists.  Generic active component dataset used with mass scaling. This introduces uncertainty but is the best available option. The automotive converter dataset was rejected due to extreme scale difference.",4,1,4,DATASHEET_QTY_KG,,4.8,,MISSING,,inverter_power_card
IC7,DIP6 SMD,Module,Hybrid relays,kg,kg,0.000427,"electronic component production, active, unspecified",AUTO,Panasonic,AQV210EHA,"GE 1 Form A, PhotoMOS Relay, 5000V Reinforced Insulation, 350V 130mA",1,0.000427,YES,,,,,,,,,EcoInvent,Input,0.1-0.12,"The PhotoMOS is a solid-state relay combining an LED and MOSFETs in an SMD package. No specific ecoinvent dataset exists. The generic active dataset averages diodes, transistors, and ICs, which reasonably captures the mix of technologies present in the component.",6,1,5,DATASHEET_QTY_KG,,0.427,,MISSING,,inverter_power_card
F1,,Passive,Protection,kg,kg,1.0018708e-05,"electronic component, passive, unspecified",AUTO,Littelfuse,microSMD005F,PolySwitch® Resettable PPTC Overcurrent Protection Device,1,1.0018708e-05,NO,3.21,2.57,0.72,,1.2,1.5,0.002,,EcoInvent,Input,,"There is a big stimation, the other alternative is more described but it dit not the same technology.",8,1,7,CALCULATED,0.005939784,0.010019,1.35,MIN_MAX_AVG,,inverter_power_card
"R1–R4, R31, R35, R47, R48, R60",1206,Passives,Resistors,kg,kg,0.000115704,"resistor production, surface-mounted",AUTO,Generic,R1206_10K_1%_0.25W_100PPM,"10 kΩ, 1%, 0.25W, 100 ppm/°C, 1206",9,1.2856e-05,NO,3.2,1.6,0.55,,3,4,0.003,0,EcoInvent,Input,0.105,The dataset explicitly represents surface‑mounted resistors.,29,1,16,CALCULATED,0.002816,0.012856,3.5,MIN_MAX_AVG,,inverter_power_card
"R5–R9, R41, R44, R53, R56–R59",1206,Passives,Resistors,kg,kg,0.000154272,"resistor production, surface-mounted",AUTO,Generic,R1206_47K_1%_0.25W_100PPM,"47 kΩ, 1%, 0.25W, 100 ppm/°C, 1206",12,1.2856e-05,NO,3.2,1.6,0.55,,3,4,0.003,0,EcoInvent,Input,0.105,The dataset explicitly represents surface‑mounted resistors.,30,1,16,CALCULATED,0.002816,0.012856,3.5,MIN_MAX_AVG,,inverter_power_card
"R10, R11, R15–R30",1206,Passives,Resistors,kg,kg,0.000231408,"resistor production, surface-mounted",AUTO,Generic,R1206_20R_1%_0.25W_100PPM,"20 Ω, 1%, 0.25W, 100 ppm/°C, 1206",18,1.2856e-05,NO,3.2,1.6,0.55,,3,4,0.003,0,EcoInvent,Input,0.105,The dataset explicitly represents surface‑mounted resistors.,31,1,16,CALCULATED,0.002816,0.012856,3.5,MIN_MAX_AVG,,inverter_power_card
"R12, R49–R52",1206,Passives,Resistors,kg,kg,6.428e-05,"resistor production, surface-mounted",AUTO,Generic,R1206_10R_1%_0.25W_200PPM,"10 Ω, 1%, 0.25W, 200 ppm/°C, 1206",5,1.2856e-05,NO,3.2,1.6,0.55,,3,4,0.003,0,EcoInvent,Input,0.105,The dataset explicitly represents surface‑mounted resistors.,32,1,16,CALCULATED,0.002816,0.012856,3.5,MIN_MAX_AVG,,inverter_power_card
"R13, R14, R32, R36–R40, R42, R43",1206,Passives,Resistors,kg,kg,0.00012856,"resistor production, surface-mounted",AUTO,Generic,R1206_1K_1%_0.25W_100PPM,"1 kΩ, 1%, 0.25W, 100 ppm/°C, 1206",10,1.2856e-05,NO,3.2,1.6,0.55,,3,4,0.003,0,EcoInvent,Input,0.105,The dataset explicitly represents surface‑mounted resistors.,33,1,16,CALCULATED,0.002816,0.012856,3.5,MIN_MAX_AVG,,inverter_power_card
R33,1206,Passives,Resistors,kg,kg,1.2856e-05,"resistor production, surface-mounted",AUTO,Generic,R1206_2K_1%_0.25W_100PPM,"2 kΩ, 1%, 0.25W, 100 ppm/°C, 1206",1,1.2856e-05,NO,3.2,1.6,0.55,,3,4,0.003,0,EcoInvent,Input,0.105,The dataset explicitly represents surface‑mounted resistors.,34,1,16,CALCULATED,0.002816,0.012856,3.5,MIN_MAX_AVG,,inverter_power_card
"R34, R45, R46, R54, R55",1206,Passives,Resistors,kg,kg,6.428e-05,"resistor production, surface-mounted",AUTO,Generic,R1206_100R_1%_0.25W_100PPM,"100 Ω, 1%, 0.25W, 100 ppm/°C, 1206",5,1.2856e-05,NO,3.2,1.6,0.55,,3,4,0.003,0,EcoInvent,Input,0.105,The dataset explicitly represents surface‑mounted resistors.,35,1,16,CALCULATED,0.002816,0.012856,3.5,MIN_MAX_AVG,,inverter_power_card
J1,,Electromechanical,Connectors,kg,kg,0.00245594672,"electric connector production, wire clamp",AUTO,Wieland,25.161.0353.0,"16A 250VAC 3 Way PCB Terminal Block, Pitch 5mm, Screw Connection, Wire Size Max: 2.5mm²",1,0.00245594672,NO,16.09,10.16,12,,1.12,1.18,0.2,0,EcoInvent,Input,,Exact technological match: “wire clamp” directly describes the screw‑clamp connection.,36,1,17,CALCULATED,1.9616928,2.455947,1.15,MIN_MAX_AVG,,inverter_power_card
J2,,Electromechanical,Connectors,kg,kg,0.001983,"electric connector production, peripheral type buss",AUTO,TE Connectivity,350789-1,3 Circuits In-Line - Universal MATE-N-LOK Connector,1,0.001983,YES,,,,,,,,,EcoInvent,Input,,Good proxy for a general‑purpose industrial connector; not exact but covers similar materials and function.,37,1,17,DATASHEET_QTY_KG,,1.983,,MISSING,,inverter_power_card
J3,,Electromechanical,Connectors,kg,kg,0.009047160352,"electric connector production, peripheral component interconnect buss",AUTO,3M,N3428-6302RB,"20 Contacts - Straight .100'' x .100'' Low Profile Black Four-Wall Header (Long Roll Pin Latch/Ejectors), 3000 Series",1,0.009047160352,NO,40.74,8.6,17.4,,1.3,1.34,1,0,EcoInvent,Input,,"Best available proxy for a PCB‑mounted pin header; PCI connector is a pin‑based PCB connector, though not identical.",38,1,17,CALCULATED,6.0963336,9.04716,1.32,MIN_MAX_AVG,,inverter_power_card
B8-B32,,Passives,Test PIN,kg,kg,0.002,"electronic component, passive, unspecified",AUTO,VERO TECHNOLOGIES,20-2136,Black Bead PCB Terminal Test Pin for 1.6mm PCB Thickness (1.32mm Hole),25,8e-05,YES,,,,,,,,,EcoInvent,Input,,Chossen passive generic because it includes thins kind of components and there is not another alternative.,39,1,18,DATASHEET_QTY_KG,,0.08,,MISSING,,inverter_power_card
TR1,,Magnetics,Current sensing,kg,kg,0.0095,"transformer production, low voltage use",AUTO,CERN,HCR6BFW,HF Current transformer,1,0.0095,YES,,,,,,,,,EcoInvent,Input,,"The HCR6BFW is a high‑frequency current transformer, which falls under ""low voltage use"" .",40,1,19,DATASHEET_QTY_KG,,9.5,,MISSING,,inverter_power_card
J3 screws,,Hardware,Mounting hardware,kg,kg,0.00126385,"market for steel, low-alloyed + market for metal working, average for metal product manufacturing",AUTO,3M,3341-5,"#4-24 x 5/16'' (7.94mm) Pan Head Cutting Screw, Fully Threaded, Stainless Steel",2,0.000631925,NO,,,,0.0805,7.8,7.9,0,0,EcoInvent,Input,,"This combination represents the two required stages for metal-component LCAs: (1) stainless‑steel material production, and (2) forming/working processes needed to shape hardware like screws. Combination of coth, create a process and then give the data quality parameters to the combination",41,1,20,CALCULATED,0.0805,0.631925,7.85,MIN_MAX_AVG,,inverter_power_card
SMD_PROCESS,,Assembly Processes,SMD,m2,m2,0.0168,"mounting, surface mount technology, Pb-free solder",AUTO,,,Assambly SMD components in the PCB,1,0.0168,YES,160,105,,,,,,,EcoInvent,Input,,,42,1,21,AREA_LW_MM_TO_M2,,,,,,inverter_power_card
THT_PROCESS,,Assembly Processes,THT,m2,m2,0.0168,"mounting, through-hole technology, Pb-free solder",AUTO,,,Assambly THT components in the PCB,1,0.0168,YES,160,105,,,,,,,EcoInvent,Input,,,43,1,22,AREA_LW_MM_TO_M2,,,,,,inverter_power_card
"IGBT_A1, A2, B1, B2",TO-247,Discrete Semiconductors,Power,kg,kg,0.02168,"insulated gate bipolar transistor production, for electric vehicle applications",IGBT,Infineon,IKW25N120H3,1200V 50A N-Channel Insulated Gate Bipolar Transistor IGBT,4,0.00542,YES,,,,,,,,,EcoInvent,Input,Infineon IKW40N120H3,"This dataset is IGBT-specific, based on direct inspection of a commercial device, ensuring high technological representativeness. The IGBT analyzed (1200V, 50A) is used in power applications (electric vehicles, inverters), so the technology matches perfectly.",2,2,2,DATASHEET_QTY_KG,,5.42,,MISSING,,inverter_power_card
"IC1, IC2",,IC,Analog,kg,kg,0.00075384375,"integrated circuit production, logic type",Power management,Infineon,2ED3141MC12L,Dual-Channel Isolated Gate Driver IC with Dead-Time Control,2,0.000376921875,NO,10.3,7.5,2.35,,1.2,1.3,0.15,,EcoInvent,Input,0.35-0.4,"The Dual‑Channel Isolated Gate Driver IC is a mixed‑signal CMOS/BiCMOS integrated circuit. As no specific LCI exists for gate‑driver or mixed‑signal ICs,this dataset is selected.",3,3,3,CALCULATED,0.1815375,0.376922,1.25,MIN_MAX_AVG,,inverter_power_card
REG1,D2PAK,IC,Analog,kg,kg,0.000879514694,"integrated circuit production, logic type",Power management,STMicroelectronics,LD1086D2M33TR,3.3V 1.5A Low-Dropout Positive Voltage Regulator,1,0.000879514694,NO,10.29,9.65,4.83,,1.2,1.3,0.28,,EcoInvent,Input,0.8-0.9,"This means its production process aligns with IC manufacturing. The dataset includes packaging, and that's what matters for the bill of materials and assembly impacts.",5,3,3,CALCULATED,0.479611755,0.879515,1.25,MIN_MAX_AVG,,inverter_power_card
IC8,SOIC16,IC,Digital,kg,kg,0.0001853125,"integrated circuit production, logic type",Interface,Texas Instruments,AM26LV32IDR,"Low-Voltage, High-Speed Quadruple Differential Line Receiver",1,0.0001853125,NO,10,3.9,1.75,,1.2,1.3,0.1,,EcoInvent,Input,0.2-0.25,"logic IC, the packaging technology (die attach, wire bonding) is relevant. The function matches.",7,4,6,CALCULATED,0.06825,0.185313,1.25,MIN_MAX_AVG,,inverter_power_card
D1–D4,SOD-80C,Discrete Semiconductors,Small signal,kg,kg,7.496e-05,"diode production, glass-, for surface-mounting",Zener Diodes,Nexperia,BZV55-B15,15V 500mW Voltage Regulator Diode,4,1.874e-05,NO,,,,0.00744,2.2,2.3,0.002,,EcoInvent,Input,0.017,perfectly describes glass SMD diodes (SOD-80C) and TVS in SOT-23 (also SMD),9,5,8,CALCULATED,0.00744,0.01874,2.25,MIN_MAX_AVG,,inverter_power_card
"D5, D6",SOD-80C,Discrete Semiconductors,Small signal,kg,kg,3.748e-05,"diode production, glass-, for surface-mounting",Zener Diodes,NEXPERIA,BZV55-B10,10V 500mW Voltage Regulator Diode,2,1.874e-05,NO,,,,0.00744,2.2,2.3,0.002,,EcoInvent,Input,0.017,perfectly describes glass SMD diodes (SOD-80C) and TVS in SOT-23 (also SMD),10,5,8,CALCULATED,0.00744,0.01874,2.25,MIN_MAX_AVG,,inverter_power_card
D7,DO-214AA,Discrete Semiconductors,Small signal,kg,kg,0.000102937052,"diode production, glass-, for surface-mounting",TVS,onsemi (Fairchild),SMBJ24A,24V 600W Uni-Directional Transient Voltage Suppressor Diode,1,0.000102937052,NO,4.57,3.94,2.4,,1.2,1.25,0.05,,EcoInvent,Input,0.08-0.1,"Although the DO-214AA package is plastic and larger, there is no specific power TVS diode dataset in ecoinvent. The glass SMD diode process is the closest available.",11,6,9,CALCULATED,0.04321392,0.102937,1.225,MIN_MAX_AVG,,inverter_power_card
D8–D11,SOT23-3,Discrete Semiconductors,Small signal,kg,kg,3.285e-05,"diode production, glass-, for surface-mounting",TVS,Semtech,SM712.TCT,12V/-7V 400W Asymmetrical TVS Diode for Extended Common-Mode RS-485,4,8.2125e-06,NO,2.9,1.3,1,,1.2,1.3,0.0035,,EcoInvent,Input,0.008-0.012,perfectly describes glass SMD diodes (SOD-80C) and TVS in SOT-23 (also SMD),12,6,9,CALCULATED,0.00377,0.008212,1.25,MIN_MAX_AVG,,inverter_power_card
LD1,,Discrete Semiconductors,Optoelectronics,kg,kg,0.035,light emitting diode production,LED,OSRAM,LY T676-R1S2-26,Hyper TOPLED® SMD Yellow LED,1,0.035,YES,,,,,,,,,EcoInvent,Input,,"Only LED‑specific option in your list. However, important limitations from the description: Represents a 5mm through‑hole LED (your LD1 is SMD). Default weight assumption: 0.35 g per LED (much larger than your 0.059 g SMD). Technology based on : diode production, glass-, for through-hole mounting",13,7,10,DATASHEET_QTY_KG,,35.0,,MISSING,,inverter_power_card
T1,SOT23-3,Discrete Semiconductors,Small signal,kg,kg,8.2125e-06,"transistor production, surface-mounted",Bipolar transistor,onsemi,MMBT3906LT1G,40V 200mA PNP General Purpose Transistor,1,8.2125e-06,NO,2.9,1.3,1,,1.2,1.3,0.0035,,EcoInvent,Input,,Specific for surface‑mounted transistors; matches SOT‑23 package.,14,8,11,CALCULATED,0.00377,0.008212,1.25,MIN_MAX_AVG,,inverter_power_card
T2–T7,SOT23-3,Discrete Semiconductors,Small signal,kg,kg,4.9275e-05,"transistor production, surface-mounted",MOSFET,Infineon,BSS119N,"100V, 190mA, N-Channel SIPMOS® Small-Signal-Transistor",6,8.2125e-06,NO,2.9,1.3,1,,1.2,1.3,0.0035,,EcoInvent,Input,,Same as T1; BSS119N is also small‑signal MOSFET in SOT‑23.,15,9,12,CALCULATED,0.00377,0.008212,1.25,MIN_MAX_AVG,,inverter_power_card
"C1, C2",,Passives,Capacitors,kg,kg,0.003645,"capacitor production, film type, for through-hole mounting",MLCC,WIMA,FKP1U004704C00KSSD,"470 pF, ±10%, 2000VDC/700VAC, FKP1",2,0.0018225,NO,18,6,12.5,,1.3,1.4,0,,EcoInvent,Input,,,16,10,13,CALCULATED,1.35,1.8225,1.35,MIN_MAX_AVG,,inverter_power_card
C15,,Passives,Capacitors,kg,kg,0.0340632,"capacitor production, film type, for through-hole mounting",MLCC,WIMA,MKP4J043307F00MSSD,"3.3 µF, ±20%, 630VDC/280VAC, MKP4",1,0.0340632,NO,19,32,41.5,,1.3,1.4,0,,EcoInvent,Input,,,18,10,13,CALCULATED,25.232,34.0632,1.35,MIN_MAX_AVG,,inverter_power_card
"C16, C17",,Passives,Capacitors,kg,kg,0.05524065,"capacitor production, film type, for through-hole mounting",MLCC,WIMA,MKP4O141007E00MSSD,"1 µF, ±20%, 1000VDC/400VAC, MKP4",2,0.027620325,NO,17,29,41.5,,1.3,1.4,0,,EcoInvent,Input,,,19,10,13,CALCULATED,20.4595,27.620325,1.35,MIN_MAX_AVG,,inverter_power_card
"C26, C44",,Passives,Capacitors,kg,kg,0.002673,"capacitor production, film type, for through-hole mounting",MLCC,WIMA,MKY22W21004B00MSSD,"10 nF, ±20%, 300VAC, Class Y2, MKP-Y2",2,0.0013365,NO,18,5,11,,1.3,1.4,0,0,EcoInvent,Input,,,22,10,13,CALCULATED,0.99,1.3365,1.35,MIN_MAX_AVG,,inverter_power_card
"C3, C4",,Passives,Capacitors,kg,kg,0.003645,"capacitor production, film type, for through-hole mounting",MLCC,WIMA,FKP1U004704C00KSSD,"470 pF, ±10%, 2000VDC/700VAC, FKP1",2,0.0018225,NO,18,6,12.5,,1.3,1.4,0,,EcoInvent,Input,,,23,10,13,CALCULATED,1.35,1.8225,1.35,MIN_MAX_AVG,,inverter_power_card
C5–C8,,Passives,Capacitors,kg,kg,0.003861,"capacitor production, film type, for through-hole mounting",MLCC,WIMA,MKY22W14703F00MSSD,±20% 300VAC Metallized Polypropylene RFI Capacitor Class Y2 (MKP-Y2),4,0.00096525,NO,13,5,11,,1.3,1.4,0,,EcoInvent,Input,,,24,10,13,CALCULATED,0.715,0.96525,1.35,MIN_MAX_AVG,,inverter_power_card
"C13, C14",,Passives,Capacitors,kg,kg,0.0885195,"capacitor production, film type, for through-hole mounting",MLCC,WIMA,MKP4O141507G00MSSD,±20% 1000VDC/400VAC Metallized Polypropylene Film Capacitor (MKP4),2,0.04425975,NO,20,39.5,41.5,,1.3,1.4,0,,EcoInvent,Input,,,25,10,13,CALCULATED,32.785,44.25975,1.35,MIN_MAX_AVG,,inverter_power_card
C18,,Passives,Capacitors,kg,kg,0.01658475,"capacitor production, film type, for through-hole mounting",MLCC,WIMA,MKP4F044706F00MSSD,±20% 250VDC/160VAC Metallized Polypropylene Film Capacitor (MKP4),1,0.01658475,NO,15,26,31.5,,1.3,1.4,0,,EcoInvent,Input,,,26,10,13,CALCULATED,12.285,16.58475,1.35,MIN_MAX_AVG,,inverter_power_card
C9–C12,1206,Passives,Capacitors,kg,kg,0.000226304,"capacitor production, for surface-mounting",Film,GENERIC,CC1206_1NF_50V_10%_X7R,,4,5.6576e-05,NO,3.2,1.6,1.7,,6,7,0,,EcoInvent,Input,0.055-0.06,"SMD type capacitors"" and ""termination (SMT) – exactly what MLCCs are.",17,11,14,CALCULATED,0.008704,0.056576,6.5,MIN_MAX_AVG,,inverter_power_card
"C20, C21",1206,Passives,Capacitors,kg,kg,0.000113152,"capacitor production, for surface-mounting",Film,Generic,CC1206_220PF_50V_5%_NP0,"220 pF, ±5%, 50V, C0G/NP0, 1206",2,5.6576e-05,NO,3.2,1.6,1.7,,6,7,0,,EcoInvent,Input,0.055-0.06,"SMD type capacitors"" and ""termination (SMT) – exactly what MLCCs are.",20,11,14,CALCULATED,0.008704,0.056576,6.5,MIN_MAX_AVG,,inverter_power_card
C22–C25,E,Passives,Capacitors,kg,kg,0.002831378,"capacitor production, electrolyte type, < 2cm height",Film,Generic,CTE7343-43_10UF_35V_10%_LESR0200E,"10 µF, ±10%, 35V, Low ESR, Tantalum chip (7343 E)",4,0.0007078445,NO,7.3,4.3,4.1,,5,6,0,,EcoInvent,Input,0.7,"Tantalum capacitors are electrolytic. The small size matches SMD tantalum chips. Not perfect, but the only electrolytic option available.",21,11,14,CALCULATED,0.128699,0.707844,5.5,MIN_MAX_AVG,,inverter_power_card
"C27–C43, C45–C54",1206,Passives,Capacitors,kg,kg,0.001527552,"capacitor production, for surface-mounting",Film,GENERIC,CC1206_100NF_50V_10%_X7R,,27,5.6576e-05,NO,3.2,1.6,1.7,,6,7,0,,EcoInvent,Input,0.055-0.06,"SMD type capacitors"" and ""termination (SMT) – exactly what MLCCs are.",28,11,14,CALCULATED,0.008704,0.056576,6.5,MIN_MAX_AVG,,inverter_power_card
C19,,Passives,Capacitors,kg,kg,0.0040068,"capacitor production, film type, for through-hole mounting",Tantalum,TDK,B32653A6224J000,±5% 630VDC/250VAC Metallized Polypropylene Film Capacitor (MKP),1,0.0040068,NO,7,16,26.5,,1.3,1.4,0,,EcoInvent,Input,,,27,12,15,CALCULATED,2.968,4.0068,1.35,MIN_MAX_AVG,,inverter_power_card
