Designators,Casing,Section,Subsection,Ecoinvent_unit,unit,Total_quantity,Total_mass_kg,Ecoinvent_flow,Category,Manufacturer,Part_Number,Description,number_elements,Quantity_per_element,Has_datasheet_info,L_mm,W_mm,H_mm,Volume_cm3_excel,Density_min_g_cm3,Density_max_g_cm3,Metal_extra_g,mass_space_relation_m2/kg,Database,Direction,Comments,Order_index,Category_order,Group_order,Method,Volume_cm3,Density_used_g_cm3,Density_source,Validation_error
PCB,,PCB,,m2,m2,0.0195,0.06006,"printed wiring board production, for through-hole mounting, Pb free surface",AUTO,,PCB_ANAL_CONTROL,,1,0.0195,YES,195,100,,,,,,3.08,EcoInvent,Input,,1,1,1,M2_EQUIVALENT,,,M2_RELATION,
F1,0603,Passives,Protection,kg,kg,2.048e-06,2.048e-06,"electronic component, passive, unspecified",AUTO,LITTELFUSE,0603L010,PTC Resettable Fuse 100mA 15V 0603,1,2.048e-06,NO,1.6,0.8,0.8,,1.5,2.5,0,0,EcoInvent,Input,,23,1,8,CALCULATED,0.001024,2.0,MIN_MAX_AVG,
IC42,BGA-25,Modules,DC/DC Converters,kg,kg,0.001834,0.001834,"electronic component production, active, unspecified",AUTO,ANALOG DEVICES,LTM8074IY,"40VIN, 1.2A Silent Switcher µModule Regulator",1,0.001834,YES,,,,,,,,,EcoInvent,Input,"MODULE BECAUSE IT HAS DIFFERENT TYPE OF COMPONENTS,. MASS INFO:https://www.mouser.ch/ProductDetail/Analog-Devices/LTM8074IYPBF?qs=qSfuJ%252Bfl%2Fd668LF%252B05dveg%3D%3D",47,1,24,DATASHEET_QTY_KG,,,MISSING,
"TP43, TP44_ANA_CAL_0, TP44_ANA_CAL_1, TP45, TP46, TP47, TP48, TP49, TP50, TP51, TP53",,Passives,Test PIN,kg,kg,6.6e-05,6.6e-05,"electronic component, passive, unspecified",AUTO,HARWIN,S2761-46R,"Through-Hole Test Point, PC Test Pin",11,6e-06,YES,,,,,,0,0,0,EcoInvent,Input,https://www.mouser.ch/ProductDetail/Harwin/S2761-46R?qs=DaxoyN%2FvrebHvZaagZ7Fog%3D%3D,97,1,40,DATASHEET_QTY_KG,,,MAX_ONLY,
SMD_PROCESS,,Assembly Processes,SMD,m2,m2,0.0195,,"mounting, surface mount technology, Pb-free solder",AUTO,,,Assambly SMD components in the PCB,1,0.0195,YES,195,100,,,,,,,EcoInvent,Input,,98,1,41,AREA_LW_MM_TO_M2,,,,
THT_PROCESS,,Assembly Processes,THT,m2,m2,0.0195,,"mounting, through-hole technology, Pb-free solder",AUTO,,,Assambly THT components in the PCB,1,0.0195,YES,195,100,,,,,,,EcoInvent,Input,,99,1,42,AREA_LW_MM_TO_M2,,,,
"C1_ADC_1, C1_ADC_2, C1_ADC_3, C1_ADC_4, C1_ADC_5, C1_ADC_6, C41_ANA_CAL_0, C41_ANA_CAL_1, C146, C175, C178, C179, C180, C189",0805,Passives,Capacitors,kg,kg,0.000182,0.000182,"capacitor production, for surface-mounting",MLCC,GENERIC,CC0805_10UF_25V_10%_X5R,"SMD Multilayer Chip Ceramic Capacitor, 100nF, 25V, X7R, 0805",14,1.3e-05,NO,2.0,1.25,0.8,,6,7,0,,EcoInvent,Input,mass from casing,2,2,2,CALCULATED,0.002,6.5,MIN_MAX_AVG,
"C2_ADC_1, C2_ADC_2, C2_ADC_3, C2_ADC_4, C2_ADC_5, C2_ADC_6, C4_ADC_1, C4_ADC_2, C4_ADC_3, C4_ADC_4, C4_ADC_5, C4_ADC_6, C6_ADC_1, C6_ADC_2, C6_ADC_3, C6_ADC_4, C6_ADC_5, C6_ADC_6, C28_ANA_CAL_0, C28_ANA_CAL_1, C29_ANA_CAL_0, C29_ANA_CAL_1, C30_ANA_CAL_0, C30_ANA_CAL_1, C31_ANA_CAL_0, C31_ANA_CAL_1, C33_ANA_CAL_0, C33_ANA_CAL_1, C34_ANA_CAL_0, C34_ANA_CAL_1, C36_ANA_CAL_0, C36_ANA_CAL_1, C37_ANA_CAL_0, C37_ANA_CAL_1, C38_ANA_CAL_0, C38_ANA_CAL_1, C42_ANA_CAL_0, C42_ANA_CAL_1, C43_ANA_CAL_0, C43_ANA_CAL_1, C45_ANA_CAL_0, C45_ANA_CAL_1, C46_ANA_CAL_0, C46_ANA_CAL_1, C49, C50, C51, C55, C56, C57, C59, C60, C64, C71, C72, C73, C74, C75, C76, C77, C83, C84, C85, C86, C87, C88, C91, C92, C94, C95, C98, C99, C100, C101, C102, C103, C104, C108, C109, C110, C111, C112, C145, C149, C154, C155, C156_ANA_CAL_0, C156_ANA_CAL_1, C157_ANA_CAL_0, C157_ANA_CAL_1, C161, C163, C164, C165, C166, C167, C168, C169, C170, C171, C173, C174, C176, C182, C183, C184, C185, C186, C187, C188, C196, C197, C198, C199, C200, C201, C202, C203, C204, C205, C206, C207, C208, C212, C213, C214, C215",0402,Passives,Capacitors,kg,kg,0.000206375,0.000206375,"capacitor production, for surface-mounting",MLCC,GENERIC,CC0402_100NF_50V_10%_X7R,"SMD Multilayer Chip Ceramic Capacitor, 100nF, 50V, X7R, 0402",127,1.625e-06,NO,1.0,0.5,0.5,,6,7,0,,EcoInvent,Input,mass from casing,3,2,2,CALCULATED,0.00025,6.5,MIN_MAX_AVG,
"C3_ADC_1, C3_ADC_2, C3_ADC_3, C3_ADC_4, C3_ADC_5, C3_ADC_6, C5_ADC_1, C5_ADC_2, C5_ADC_3, C5_ADC_4, C5_ADC_5, C5_ADC_6, C7_ADC_1, C7_ADC_2, C7_ADC_3, C7_ADC_4, C7_ADC_5, C7_ADC_6, C11, C24_ANA_CAL_0, C24_ANA_CAL_1, C26, C32_ANA_CAL_0, C32_ANA_CAL_1, C35_ANA_CAL_0, C35_ANA_CAL_1, C39_ANA_CAL_0, C39_ANA_CAL_1, C44_ANA_CAL_0, C44_ANA_CAL_1, C48, C54, C58, C61, C93, C159, C172, C194, C195",0402,Passives,Capacitors,kg,kg,6.3375e-05,6.3375e-05,"capacitor production, for surface-mounting",MLCC,GENERIC,CC0402_1UF_25V_10%_X5R,"SMD Multilayer Chip Ceramic Capacitor, 10µF, 6.3V, X5R, 0402",39,1.625e-06,NO,1.0,0.5,0.5,,6,7,0,,EcoInvent,Input,Dimmensiones information: https://www.torchcapacitor.com/high-q-multylayer-ceramic-chip-capacitor-0402,4,2,2,CALCULATED,0.00025,6.5,MIN_MAX_AVG,
"C8_ANA_CAL_0, C8_ANA_CAL_1, C9_ANA_CAL_0, C9_ANA_CAL_1",0603,Passives,Capacitors,kg,kg,2.6624e-05,2.6624e-05,"capacitor production, for surface-mounting",MLCC,GENERIC,CC0603_4.7NF_50V_5%_C0G,"SMD Multilayer Chip Ceramic Capacitor, 4.7NF_50V_5%, 0603",4,6.656e-06,NO,1.6,0.8,0.8,,6,7,0,,EcoInvent,Input,Dimmensiones information: https://www.torchcapacitor.com/high-q-multylayer-ceramic-chip-capacitor-0402,5,2,2,CALCULATED,0.001024,6.5,MIN_MAX_AVG,
"C10, C12_ANA_CAL_0, C12_ANA_CAL_1, C13_ANA_CAL_0, C13_ANA_CAL_1, C14, C17, C47, C52, C62, C63, C65, C89, C90, C96, C97, C105, C107, C151, C158, C160, C181, C191, C192, C209",0603,Passives,Capacitors,kg,kg,0.0001664,0.0001664,"capacitor production, for surface-mounting",MLCC,GENERIC,CC0603_10NF_50V_5%_C0G,10nF ±5% 50V C0G SMD Multilayer Chip Ceramic Capacitor,25,6.656e-06,NO,1.6,0.8,0.8,,6,7,0,0,EcoInvent,Input,Generic 0603 MLCC mass 6.5 mg.,6,2,2,CALCULATED,0.001024,6.5,MIN_MAX_AVG,
"C15_ANA_CAL_0, C15_ANA_CAL_1, C27_ANA_CAL_0, C27_ANA_CAL_1, C53, C106, C193",0402,Passives,Capacitors,kg,kg,1.1375e-05,1.1375e-05,"capacitor production, for surface-mounting",MLCC,GENERIC,CC0402_100PF_25V_1%_C0G,100pF ±1% 25V C0G SMD Multilayer Chip Ceramic Capacitor,7,1.625e-06,NO,1.0,0.5,0.5,,6,7,0,0,EcoInvent,Input,Generic 0402 MLCC mass 1.6 mg.,7,2,2,CALCULATED,0.00025,6.5,MIN_MAX_AVG,
"C16_ANA_CAL_0, C16_ANA_CAL_1, C25_ANA_CAL_0, C25_ANA_CAL_1, C78, C80, C82, C113_ADC_1, C113_ADC_2, C113_ADC_3, C113_ADC_4, C113_ADC_5, C113_ADC_6, C116_ADC_1, C116_ADC_2, C116_ADC_3, C116_ADC_4, C116_ADC_5, C116_ADC_6, C117_ADC_1, C117_ADC_2, C117_ADC_3, C117_ADC_4, C117_ADC_5, C117_ADC_6, C120_ADC_1, C120_ADC_2, C120_ADC_3, C120_ADC_4, C120_ADC_5, C120_ADC_6, C121_ADC_1, C121_ADC_2, C121_ADC_3, C121_ADC_4, C121_ADC_5, C121_ADC_6, C124_ADC_1, C124_ADC_2, C124_ADC_3, C124_ADC_4, C124_ADC_5, C124_ADC_6, C125_ADC_1, C125_ADC_2, C125_ADC_3, C125_ADC_4, C125_ADC_5, C125_ADC_6, C128_ADC_1, C128_ADC_2, C128_ADC_3, C128_ADC_4, C128_ADC_5, C128_ADC_6, C129_ADC_1, C129_ADC_2, C129_ADC_3, C129_ADC_4, C129_ADC_5, C129_ADC_6, C132_ADC_1, C132_ADC_2, C132_ADC_3, C132_ADC_4, C132_ADC_5, C132_ADC_6, C133_ADC_1, C133_ADC_2, C133_ADC_3, C133_ADC_4, C133_ADC_5, C133_ADC_6, C136_ADC_1, C136_ADC_2, C136_ADC_3, C136_ADC_4, C136_ADC_5, C136_ADC_6, C137_ADC_1, C137_ADC_2, C137_ADC_3, C137_ADC_4, C137_ADC_5, C137_ADC_6, C140_ADC_1, C140_ADC_2, C140_ADC_3, C140_ADC_4, C140_ADC_5, C140_ADC_6, C141_ADC_1, C141_ADC_2, C141_ADC_3, C141_ADC_4, C141_ADC_5, C141_ADC_6, C144_ADC_1, C144_ADC_2, C144_ADC_3, C144_ADC_4, C144_ADC_5, C144_ADC_6, C148, C152",0402,Passives,Capacitors,kg,kg,0.000170625,0.000170625,"capacitor production, for surface-mounting",MLCC,GENERIC,CC0402_33PF_50V_5%_C0G,33pF ±5% 50V C0G SMD Multilayer Chip Ceramic Capacitor,105,1.625e-06,NO,1.0,0.5,0.5,,6,7,0,0,EcoInvent,Input,Generic 0402 MLCC mass 1.6 mg.,8,2,2,CALCULATED,0.00025,6.5,MIN_MAX_AVG,
"C18_ANA_CAL_0, C18_ANA_CAL_1, C23_ANA_CAL_0, C23_ANA_CAL_1",0402,Passives,Capacitors,kg,kg,6.5e-06,6.5e-06,"capacitor production, for surface-mounting",MLCC,GENERIC,CC0402_47PF_50V_5%_C0G,47pF ±5% 50V C0G SMD Multilayer Chip Ceramic Capacitor,4,1.625e-06,NO,1.0,0.5,0.5,,6,7,0,0,EcoInvent,Input,Generic 0402 MLCC.,9,2,2,CALCULATED,0.00025,6.5,MIN_MAX_AVG,
"C19_ANA_CAL_0, C19_ANA_CAL_1",0402,Passives,Capacitors,kg,kg,3.25e-06,3.25e-06,"capacitor production, for surface-mounting",MLCC,GENERIC,CC0402_330PF_50V_5%_C0G,330pF ±5% 50V C0G SMD Multilayer Chip Ceramic Capacitor,2,1.625e-06,NO,1.0,0.5,0.5,,6,7,0,0,EcoInvent,Input,Generic 0402 MLCC.,10,2,2,CALCULATED,0.00025,6.5,MIN_MAX_AVG,
"C20_ANA_CAL_0, C20_ANA_CAL_1",0402,Passives,Capacitors,kg,kg,3.25e-06,3.25e-06,"capacitor production, for surface-mounting",MLCC,GENERIC,CC0402_220PF_50V_5%_C0G,220pF ±5% 50V C0G SMD Multilayer Chip Ceramic Capacitor,2,1.625e-06,NO,1.0,0.5,0.5,,6,7,0,0,EcoInvent,Input,Generic 0402 MLCC.,11,2,2,CALCULATED,0.00025,6.5,MIN_MAX_AVG,
"C21_ANA_CAL_0, C21_ANA_CAL_1",0402,Passives,Capacitors,kg,kg,3.25e-06,3.25e-06,"capacitor production, for surface-mounting",MLCC,GENERIC,CC0402_1.5NF_50V_5%_C0G,1.5nF ±5% 50V C0G SMD Multilayer Chip Ceramic Capacitor,2,1.625e-06,NO,1.0,0.5,0.5,,6,7,0,0,EcoInvent,Input,Generic 0402 MLCC.,12,2,2,CALCULATED,0.00025,6.5,MIN_MAX_AVG,
"C22_ANA_CAL_0, C22_ANA_CAL_1",0402,Passives,Capacitors,kg,kg,3.25e-06,3.25e-06,"capacitor production, for surface-mounting",MLCC,GENERIC,CC0402_1NF_50V_5%_C0G,1nF ±5% 50V C0G SMD Multilayer Chip Ceramic Capacitor,2,1.625e-06,NO,1.0,0.5,0.5,,6,7,0,0,EcoInvent,Input,Generic 0402 MLCC.,13,2,2,CALCULATED,0.00025,6.5,MIN_MAX_AVG,
"C40_ANA_CAL_0, C40_ANA_CAL_1, C190",1210,Passives,Capacitors,kg,kg,0.00039,0.00039,"capacitor production, for surface-mounting",MLCC,GENERIC,CC1210_47UF_10V_10%_X7R,47µF ±10% 10V X7R SMD Multilayer Chip Ceramic Capacitor,3,0.00013,NO,3.2,2.5,2.5,,6,7,0,0,EcoInvent,Input,Caing,14,2,2,CALCULATED,0.02,6.5,MIN_MAX_AVG,
"C67, C68, C79, C81, C150, C153",0805,Passives,Capacitors,kg,kg,7.8e-05,7.8e-05,"capacitor production, for surface-mounting",MLCC,GENERIC,CC0805_100NF_50V_1%_NP0,100nF ±1% 50V NP0 SMD Multilayer Chip Ceramic Capacitor,6,1.3e-05,NO,2.0,1.25,0.8,,6,7,0,0,EcoInvent,Input,Generic 0805,16,2,2,CALCULATED,0.002,6.5,MIN_MAX_AVG,
"C114_ADC_1, C114_ADC_2, C114_ADC_3, C114_ADC_4, C114_ADC_5, C114_ADC_6, C115_ADC_1, C115_ADC_2, C115_ADC_3, C115_ADC_4, C115_ADC_5, C115_ADC_6, C118_ADC_1, C118_ADC_2, C118_ADC_3, C118_ADC_4, C118_ADC_5, C118_ADC_6, C119_ADC_1, C119_ADC_2, C119_ADC_3, C119_ADC_4, C119_ADC_5, C119_ADC_6, C122_ADC_1, C122_ADC_2, C122_ADC_3, C122_ADC_4, C122_ADC_5, C122_ADC_6, C123_ADC_1, C123_ADC_2, C123_ADC_3, C123_ADC_4, C123_ADC_5, C123_ADC_6, C126_ADC_1, C126_ADC_2, C126_ADC_3, C126_ADC_4, C126_ADC_5, C126_ADC_6, C127_ADC_1, C127_ADC_2, C127_ADC_3, C127_ADC_4, C127_ADC_5, C127_ADC_6, C130_ADC_1, C130_ADC_2, C130_ADC_3, C130_ADC_4, C130_ADC_5, C130_ADC_6, C131_ADC_1, C131_ADC_2, C131_ADC_3, C131_ADC_4, C131_ADC_5, C131_ADC_6, C134_ADC_1, C134_ADC_2, C134_ADC_3, C134_ADC_4, C134_ADC_5, C134_ADC_6, C135_ADC_1, C135_ADC_2, C135_ADC_3, C135_ADC_4, C135_ADC_5, C135_ADC_6, C138_ADC_1, C138_ADC_2, C138_ADC_3, C138_ADC_4, C138_ADC_5, C138_ADC_6, C139_ADC_1, C139_ADC_2, C139_ADC_3, C139_ADC_4, C139_ADC_5, C139_ADC_6, C142_ADC_1, C142_ADC_2, C142_ADC_3, C142_ADC_4, C142_ADC_5, C142_ADC_6, C143_ADC_1, C143_ADC_2, C143_ADC_3, C143_ADC_4, C143_ADC_5, C143_ADC_6, C210, C211",0402,Passives,Capacitors,kg,kg,0.00015925,0.00015925,"capacitor production, for surface-mounting",MLCC,GENERIC,CC0402_680PF_50V_1%_C0G,680pF ±1% 50V C0G SMD Multilayer Chip Ceramic Capacitor,98,1.625e-06,NO,1.0,0.5,0.5,,6,7,0,0,EcoInvent,Input,Generic 0402 MLCC mass 1.6 mg.,17,2,2,CALCULATED,0.00025,6.5,MIN_MAX_AVG,
C177,0402,Passives,Capacitors,kg,kg,1.625e-06,1.625e-06,"capacitor production, for surface-mounting",MLCC,GENERIC,CC0402_10PF_50V_5%_C0G,10pF ±5% 50V C0G SMD Multilayer Chip Ceramic Capacitor,1,1.625e-06,NO,1.0,0.5,0.5,,6,7,0,0,EcoInvent,Input,Generic 0402 MLCC.,18,2,2,CALCULATED,0.00025,6.5,MIN_MAX_AVG,
"C66, C69, C70, C147, C162",E,Passives,Capacitors,kg,kg,0.0035392225,0.0035392225,"capacitor production, electrolyte type, < 2cm height",Tantalum,GENERIC,CTE7343-43_100UF_25V_10%_LESR0150,100µF ±10% 25V Low ESR Solid Tantalum Chip Capacitor,5,0.0007078445,NO,7.3,4.3,4.1,,5,6,0,0,EcoInvent,Input,Caing,15,3,3,CALCULATED,0.128699,5.5,MIN_MAX_AVG,
"D1, D2",SOT23-3,Discrete Semiconductors,Small signal,kg,kg,9.432e-06,9.432e-06,"diode production, glass-, for surface-mounting",Dual Diode,Nexperia,BAV99,75V 250mW Dual Series Switching Diode,2,4.716e-06,NO,2.9,1.3,1.0,,1.2,1.3,0.0000035,0,EcoInvent,Input,Mass from SOT23‑3 casing (8.2 mg). BAV99 is a dual diode in SOT23‑3.,19,4,4,CALCULATED,0.00377,1.25,MIN_MAX_AVG,
"D3, D4, D5, D8, D9",DO-214AC,Discrete Semiconductors,Small signal,kg,kg,0.0006,0.0006,"diode production, glass-, for surface-mounting",Schottky,DIODES INC.,SS16,60V 1A Surface Mount Schottky Rectifier,5,0.00012,YES,,,,,,,,,EcoInvent,Input,Mass from DO‑214AC (SMA) typical 0.12 g. SS16 is a Schottky diode in SMA package.,20,5,5,DATASHEET_QTY_KG,,,MISSING,
"D6, D10, D11",0402,Discrete Semiconductors,Small signal,kg,kg,4.2e-06,4.2e-06,"diode production, glass-, for surface-mounting",ESD Protection,TEXAS INSTRUMENTS,0402ESDA-MLP,0.05pF 8kV Bidirectional ESD Voltage Suppressor,3,1.4e-06,YES,1.0,0.5,0.5,,1.2,1.3,0.0000002,0,EcoInvent,Input,Mass estimated from 0402 package (1.6 mg). Plastic SMD diode with copper leads.,21,6,6,DATASHEET_QTY_KG,,1.25,MIN_MAX_AVG,
D12,SOD-323-2,Discrete Semiconductors,Small signal,kg,kg,1e-05,1e-05,"diode production, glass-, for surface-mounting",Zener,ONSEMI,MM3Z3V6T1G,3.6V 200mW Zener Voltage Regulator,1,1e-05,YES,,,,,,,,,EcoInvent,Input,,22,7,7,DATASHEET_QTY_KG,,,MISSING,
"IC1_ADC_1, IC1_ADC_2, IC1_ADC_3, IC1_ADC_4, IC1_ADC_5, IC1_ADC_6, IC3_ADC_1, IC3_ADC_2, IC3_ADC_3, IC3_ADC_4, IC3_ADC_5, IC3_ADC_6, IC4_ADC_1, IC4_ADC_2, IC4_ADC_3, IC4_ADC_4, IC4_ADC_5, IC4_ADC_6",VQFN-20,IC,Digital,kg,kg,0.000774,0.000774,"integrated circuit production, logic type",Logic,TEXAS INSTRUMENTS,SN74AUC245RGYR,"8-ch, 0.8-V to 2.7-V high speed buffers with 3-state outputs",18,4.3e-05,YES,,,,,,,,,EcoInvent,Input,https://www.mouser.ch/ProductDetail/Texas-Instruments/SN74AUC245RGYR?qs=0kuPHEOuoRTOR7HjtNv3EQ%3D%3D,24,8,9,DATASHEET_QTY_KG,,,MISSING,
"IC8_ANA_CAL_0, IC8_ANA_CAL_1, IC10_ANA_CAL_0, IC10_ANA_CAL_1, IC20, IC21",SM-8,IC,Digital,kg,kg,0.0001404,0.0001404,"integrated circuit production, logic type",Logic,TEXAS INSTRUMENTS,SN74AVC2T45DCT,Dual-Bit Dual-Supply Bus Transceiver with Configurable Voltage Translation,6,2.34e-05,YES,,,,,,,,0,EcoInvent,Input,,29,8,9,DATASHEET_QTY_KG,,,MISSING,
"IC12, IC14, IC25, IC28, IC29",VSSOP-8,IC,Digital,kg,kg,5e-05,5e-05,"integrated circuit production, logic type",Logic,TEXAS INSTRUMENTS,SN74LVC2T45DCU,Dual-Bit Dual-Supply Bus Transceiver,5,1e-05,YES,,,,,,,,0,EcoInvent,Input,https://www.mouser.ch/ProductDetail/Texas-Instruments/SN74LVC2T45DCURE4?qs=0smPjiIwnfLuS8KHnlVgZw%3D%3D,32,8,9,DATASHEET_QTY_KG,,,MISSING,
"IC16, IC27",TSSOP-14,IC,Digital,kg,kg,6.5e-05,6.5e-05,"integrated circuit production, logic type",Logic,TEXAS INSTRUMENTS,SN74ALVC32PW,Quad 2-Input OR Gate,2,3.25e-05,YES,5.0,4.4,1.0,,1.2,1.3,0.000005,0,EcoInvent,Input,Mass from TSSOP‑14 package. Same as OPA4192.,34,8,9,DATASHEET_QTY_KG,,1.25,MIN_MAX_AVG,
"IC2_ADC_1, IC2_ADC_2, IC2_ADC_3, IC2_ADC_4, IC2_ADC_5, IC2_ADC_6",BGA-64,IC,Mixed-Signal,kg,kg,0.00052191,0.00052191,"integrated circuit production, logic type",Data Acquisition,ANALOG DEVICES,AD4857BBC,"8-Channel Simultaneous Sampling, 16-Bit 1 MSPS DAS",6,8.6985e-05,NO,7,7,1.42,,1.2,1.3,0.00001,,EcoInvent,Input,Dimmensions,25,9,10,CALCULATED,0.06958,1.25,MIN_MAX_AVG,
"IC5_ANA_CAL_0, IC5_ANA_CAL_1, IC13, IC30_ANA_CAL_0, IC30_ANA_CAL_1, IC39",MSOP-8,IC,Analog,kg,kg,0.00084,0.00084,"integrated circuit production, logic type",Amplifier,ANALOG DEVICES,AD8672ARM,Dual Operational Amplifier,6,0.00014,YES,,,,,,,,,EcoInvent,Input,https://www.mouser.ch/ProductDetail/Analog-Devices/AD8672ARMZ-REEL?qs=%2FtpEQrCGXCwmHEbuIHrFtA%3D%3D,26,10,11,DATASHEET_QTY_KG,,,MISSING,
"IC6_ANA_CAL_0, IC6_ANA_CAL_1",SOIC8,IC,Analog,kg,kg,8.0262e-05,8.0262e-05,"integrated circuit production, logic type",Amplifier,TEXAS INSTRUMENTS,THS4531ID,Differential Amplifier,2,4.0131e-05,NO,4.9,3.9,1.75,,1.2,1.2,,,EcoInvent,Input,Mass from SOIC‑8 package,27,10,11,CALCULATED,0.0334425,1.2,MIN_MAX_AVG,
IC11,TSSOP-14,IC,Analog,kg,kg,5.74e-05,5.74e-05,"integrated circuit production, logic type",Amplifier,TEXAS INSTRUMENTS,OPA4192IPW,Quad Operational Amplifier,1,5.74e-05,YES,,,,,,,,0,EcoInvent,Input,Mass from TSSOP‑14 package (5×4.4×1.0 mm) volume × 1.25 g/cm³ + metal_extra 5 mg ≈ 32.5 mg. OPA4192IPW datasheet.,31,10,11,DATASHEET_QTY_KG,,,MISSING,
"IC17, IC18",VSSOP-8,IC,Analog,kg,kg,2.32e-05,2.32e-05,"integrated circuit production, logic type",Amplifier,ANALOG DEVICES,ADA4522-2ARMZ,Dual Operational Amplifier,2,1.16e-05,YES,3.0,3.0,0.85,,1.2,1.3,0.000002,0,EcoInvent,Input,"Mass from VSSOP‑8 package, same as AD8672ARM.",35,10,11,DATASHEET_QTY_KG,,1.25,MIN_MAX_AVG,
"IC23, IC36, IC41",MSOP-8,IC,Analog,kg,kg,0.00042,0.00042,"integrated circuit production, logic type",Amplifier,TEXAS INSTRUMENTS,OPA2192IDGK,Dual Operational Amplifier,3,0.00014,YES,,,,,,,,,EcoInvent,Input,Mass from MSOP‑8 package (3×3×0.85 mm) – 11.6 mg.,38,10,11,DATASHEET_QTY_KG,,,MISSING,
"IC7_ANA_CAL_0, IC7_ANA_CAL_1",SOIC16,IC,Analog,kg,kg,0.000370625,0.000370625,"integrated circuit production, logic type",Switch,ANALOG DEVICES,DG412DY+,Quad SPST CMOS Analog Switches,2,0.0001853125,NO,10,3.9,1.75,,1.2,1.3,0.1,,EcoInvent,Input,Mass from SOIC‑16,28,11,12,CALCULATED,0.06825,1.25,MIN_MAX_AVG,
"IC9_ANA_CAL_0, IC9_ANA_CAL_1",MSOP-16,IC,Mixed-Signal,kg,kg,0.000686,0.000686,"integrated circuit production, logic type",ADC,LINEAR TECHNOLOGY,LTC2378CMS-20,"20-Bit, 1Msps, Low Power SAR ADC",2,0.000343,YES,,,,,,,,,EcoInvent,Input,mass from casing,30,12,13,DATASHEET_QTY_KG,,,MISSING,
IC15,SOIC-14,IC,Mixed-Signal,kg,kg,0.000174,0.000174,"integrated circuit production, logic type",DAC,MAXIM INTEGRATED,MAX5719AGSD+,"20-Bit, Serial-Input, Voltage Output DAC",1,0.000174,YES,8.65,3.9,1.75,,1.2,1.3,0.0001,0,EcoInvent,Input,Mass from SOIC‑14 wide package (8.65×3.9×1.75 mm) volume × 1.25 g/cm³ + metal_extra 100 mg ≈ 174 mg. MAX5719AGSD+ datasheet.,33,13,14,DATASHEET_QTY_KG,,1.25,MIN_MAX_AVG,
IC19,QFN-33,IC,Analog,kg,kg,3e-05,3e-05,"integrated circuit production, logic type",Multiplexer,ANALOG DEVICES,ADG1407BCP,"9.5 Ω RON, 16-Channel, Differential 8-Channel iCMOS Multiplexers",1,3e-05,YES,5.0,5.0,0.8,,1.2,1.3,0.000005,0,EcoInvent,Input,Mass from QFN‑33 package (5×5×0.8 mm) volume × 1.25 g/cm³ + metal_extra 5 mg ≈ 30 mg. ADG1407BCP datasheet.,36,14,15,DATASHEET_QTY_KG,,1.25,MIN_MAX_AVG,
"IC22, IC33",MSOP-8,IC,Analog,kg,kg,0.00028,0.00028,"integrated circuit production, logic type",Power Management,TEXAS INSTRUMENTS,TPS7A4901DGN,"+36V, +150mA, Ultralow-Noise, Positive Linear Regulator",2,0.00014,YES,,,,,,,,,EcoInvent,Input,Mass from MSOP‑8 package with exposed pad (3×3×1.1 mm) volume × 1.25 g/cm³ + metal_extra 2 mg ≈ 12 mg. TPS7A4901DGN datasheet.,37,15,16,DATASHEET_QTY_KG,,,MISSING,
IC32,MSOP-16,IC,Analog,kg,kg,0.000343,0.000343,"integrated circuit production, logic type",Power Management,LINEAR TECHNOLOGY,LT8610EMSE,"42V, 2.5A Synchronous Step-Down Regulator",1,0.000343,YES,,,,,,,,,EcoInvent,Input,https://www.mouser.ch/ProductDetail/Analog-Devices/LT8610EMSEPBF?qs=hVkxg5c3xu%252B%252BFvD8yUlxUw%3D%3D,41,15,16,DATASHEET_QTY_KG,,,MISSING,
IC24,SOT23-3,IC,Analog,kg,kg,8.2e-06,8.2e-06,"integrated circuit production, logic type",Reference,TEXAS INSTRUMENTS,TL431ACL3T,Precision Reference,1,8.2e-06,YES,2.9,1.3,1.0,0.00377,1.2,1.3,0.0000035,0,EcoInvent,Input,Mass from SOT23‑3 package (8.2 mg).,39,16,17,DATASHEET_QTY_KG,,1.25,MIN_MAX_AVG,
"IC26, IC31",SOT23-5,IC,Analog,kg,kg,1.6425e-05,1.6425e-05,"integrated circuit production, logic type",Comparator,TEXAS INSTRUMENTS,TL331IDBVT,Single Voltage Comparator,2,8.2125e-06,NO,2.9,1.3,1,,1.2,1.3,0.0035,0,EcoInvent,Input,mass from casing,40,17,18,CALCULATED,0.00377,1.25,MIN_MAX_AVG,
IC34,TSSOP-8,IC,Analog,kg,kg,2.355e-05,2.355e-05,"integrated circuit production, logic type",Sensor,NXP,PCT2075DP,"Ultra Low Power, 1.8V, 1°C Accuracy Digital Temperature Sensor",1,2.355e-05,YES,,,,,,,,,EcoInvent,Input,Mass info: https://www.mouser.ch/ProductDetail/NXP-Semiconductors/PCT2075DP118?qs=lH1ILECabYlwLBLKMiotHw%3D%3D,42,18,19,DATASHEET_QTY_KG,,,MISSING,
IC35,SOT23-6,IC,Memory,kg,kg,8.2125e-06,8.2125e-06,"integrated circuit production, logic type",EEPROM,MICROCHIP,24AA025E48T-I/OT,"1.7V-5.5V, 2K I2C Serial EEPROM",1,8.2125e-06,NO,2.9,1.3,1,,1.2,1.3,0.0035,,EcoInvent,Input,Mass from SOT23‑6 package (2.9×1.6×1.1 mm) volume × 1.25 g/cm³ + metal_extra 2 mg ≈ 8.4 mg.,43,19,20,CALCULATED,0.00377,1.25,MIN_MAX_AVG,
IC37,SOIC-8,IC,Mixed-Signal,kg,kg,4.0131e-05,4.0131e-05,"integrated circuit production, logic type",Isolator,TEXAS INSTRUMENTS,ISO1541D,Low-Power Bi-Directional I2C Isolator,1,4.0131e-05,NO,4.9,3.9,1.75,,1.2,1.2,,,EcoInvent,Input,mass from casing,44,20,21,CALCULATED,0.0334425,1.2,MIN_MAX_AVG,
IC38,,IC,Digital,kg,kg,2.57e-05,2.57e-05,"integrated circuit production, logic type",IO Expander,TEXAS INSTRUMENTS,TCA6424ARGJ,24-bit I2C and SMBus I/O Expander,1,2.57e-05,YES,,,,,,,,0,EcoInvent,Input,https://www.mouser.ch/ProductDetail/Texas-Instruments/TCA6424ARGJR?qs=Ze4%2FuFuz19LzqLgNFpYqlQ%3D%3D,45,21,22,DATASHEET_QTY_KG,,,MISSING,
IC40,VQFN-16,IC,Mixed-Signal,kg,kg,5e-05,5e-05,"integrated circuit production, logic type",Power Monitor,TEXAS INSTRUMENTS,INA3221AIRGV,"Triple-Channel, High-Side Measurement, Shunt and Bus Voltage Monitor",1,5e-05,YES,,,,,,,,,EcoInvent,Input,Mass from QFN‑17 package (4×4×0.9 mm) volume × 1.25 g/cm³ + metal_extra 5 mg ≈ 23 mg. INA3221AIRGV datasheet.,46,22,23,DATASHEET_QTY_KG,,,MISSING,
J1,,Electromechanical,Connectors,kg,kg,0.0015,0.0015,"electric connector production, peripheral type buss",FFC/FPC,MOLEX,2203631200,"Easy-On FFC/FPC Connector, 0.40mm Pitch, FD4P Series, Right-Angle, Bottom Contact, 2.00mm Height, 120 Circuits, Gold over Nickel Plating",1,0.0015,YES,,,,,,,,,EcoInvent,Input,,48,23,25,DATASHEET_QTY_KG,,,MISSING,
J2,,Electromechanical,Connectors,kg,kg,0.0005,0.0005,"electric connector production, peripheral type buss",FFC/FPC,MOLEX,2203630800,"Easy-On FFC/FPC Connector, 0.40mm Pitch, FD4P Series, Right-Angle, Bottom Contact, 2.00mm Height, 80 Circuits, Gold over Nickel Plating",1,0.0005,YES,,,,,,,,,EcoInvent,Input,,49,23,25,DATASHEET_QTY_KG,,,MISSING,
J3,,Electromechanical,Connectors,kg,kg,0.000279,0.000279,"electric connector production, wire clamp",PicoBlade,MOLEX,53261-1071,"1.25mm (.049\"") Pitch PicoBlade™ Surface Mount 10 Circuits Right Angle Header",1,0.000279,YES,,,,,,,,,EcoInvent,Input,Mass estimated (~1g).,50,24,26,DATASHEET_QTY_KG,,,MISSING,
J4,,Electromechanical,Connectors,kg,kg,8.783064e-05,8.783064e-05,"electric connector production, wire clamp",Pin Header,SAMTEC,FTS-111-03-L-D,"22-position, 2.54mm pitch, Surface Mount Header",1,8.783064e-05,NO,14,3.42,1.27,,1.3,1.5,0.0027,0,EcoInvent,Input,from measurements and stimation,51,25,27,CALCULATED,0.0608076,1.4,MIN_MAX_AVG,
J5,,Electromechanical,Connectors,kg,kg,0.015169,0.015169,"electric connector production, peripheral type buss",Right Angle Header,AMPHENOL,10052837-101LF,"96 Contacts, 2mm Pitch, 8 Columns, 4 Pairs per Column, 2 Walls",1,0.015169,YES,,,,,,,,,EcoInvent,Input,https://www.mouser.ch/ProductDetail/Amphenol-FCI/10052837-101LF?qs=qObghIyrWxqSnJki6yjatA%3D%3D,52,26,28,DATASHEET_QTY_KG,,,MISSING,
J6,,Electromechanical,Connectors,kg,kg,0.015336,0.015336,"electric connector production, peripheral type buss",Right Angle Header,AMPHENOL,10052825-101LF,"72 Contacts, 2mm Pitch, 6 Columns, 4 Pairs per Column, 4 Walls",1,0.015336,YES,,,,,,,,0,EcoInvent,Input,mass: https://www.mouser.ch/ProductDetail/Amphenol-FCI/10052825-101LF?qs=qObghIyrWxrXt6HI1S6RBA%3D%3D,53,26,28,DATASHEET_QTY_KG,,,MISSING,
J7,,Electromechanical,Connectors,kg,kg,0.0084,0.0084,"electric connector production, peripheral type buss",D-Sub,TE CONNECTIVITY,2311763-2,High Density D-sub 15 Position Female,1,0.0084,YES,,,,,,,,,EcoInvent,Input,https://www.mouser.ch/ProductDetail/TE-Connectivity/2311763-2?qs=rrS6PyfT74dmXtBEPHOmlA%3D%3D,54,27,29,DATASHEET_QTY_KG,,,MISSING,
"L1_ADC_1, L1_ADC_2, L1_ADC_3, L1_ADC_4, L1_ADC_5, L1_ADC_6, L3_ADC_1, L3_ADC_2, L3_ADC_3, L3_ADC_4, L3_ADC_5, L3_ADC_6, L7_ADC_1, L7_ADC_2, L7_ADC_3, L7_ADC_4, L7_ADC_5, L7_ADC_6, L8_ADC_1, L8_ADC_2, L8_ADC_3, L8_ADC_4, L8_ADC_5, L8_ADC_6, L9_ADC_1, L9_ADC_2, L9_ADC_3, L9_ADC_4, L9_ADC_5, L9_ADC_6, L10_ADC_1, L10_ADC_2, L10_ADC_3, L10_ADC_4, L10_ADC_5, L10_ADC_6, L11_ADC_1, L11_ADC_2, L11_ADC_3, L11_ADC_4, L11_ADC_5, L11_ADC_6, L12_ADC_1, L12_ADC_2, L12_ADC_3, L12_ADC_4, L12_ADC_5, L12_ADC_6",0805,Passives,Inductors,kg,kg,0.00048,0.00048,"inductor production, low value multilayer chip",Common Mode Choke,TDK,ACM2012-202-2P,"Common Mode Filter, 2000Ω@100MHz, 300mA, 2.0x1.25mm",48,1e-05,NO,2.0,1.25,0.8,,4.5,5.5,,0,EcoInvent,Input,from casing,55,28,30,CALCULATED,0.002,5.0,MIN_MAX_AVG,
"L5_ANA_CAL_0, L5_ANA_CAL_1",,Passives,Inductors,kg,kg,0.000936,0.000936,"inductor production, ring core choke type",Common Mode Choke,WÜRTH ELEKTRONIK,744226,"2×10µH Common Mode Choke, WE‑SL2",2,0.000468,YES,,,,,,,,,EcoInvent,Input,https://uk.farnell.com/wurth-elektronik/744226/line-filter-smd-common-mode-2x10uh/dp/1636269,58,28,30,DATASHEET_QTY_KG,,,MISSING,
L14,0805,Passives,Inductors,kg,kg,1e-05,1e-05,"inductor production, low value multilayer chip",Common Mode Choke,TDK,ACM2012-361-2P,"Common Mode Filter, 360Ω@100MHz, 300mA, 2.0x1.25mm",1,1e-05,NO,2.0,1.25,0.8,,4.5,5.5,,0,EcoInvent,Input,Same dimensions and mass as L1_ADC_* (12 mg).,59,28,30,CALCULATED,0.002,5.0,MIN_MAX_AVG,
"L2, L13",2220,Passives,Inductors,kg,kg,0.00096,0.00096,"inductor production, ring core choke type",Power Inductor,EPCOS,B82442H1103K,"100µH, ±10%, 2220 SMD Inductor",2,0.00048,YES,,,,,,,,0,EcoInvent,Input,https://www.mouser.ch/ProductDetail/EPCOS-TDK/B82442H1103K?qs=%2FkiEPUfD%2FqkxUPf%2Fl938Cg%3D%3D,56,29,31,DATASHEET_QTY_KG,,,MISSING,
"L4_ANA_CAL_0, L4_ANA_CAL_1, L6_ANA_CAL_0, L6_ANA_CAL_1",1210,Passives,Inductors,kg,kg,0.00027896232,0.00027896232,"inductor production, ring core choke type",Power Inductor,MURATA,LQH32CN331K23,"330µH, ±10%, 1210 SMD Inductor",4,6.974058e-05,NO,3.18,2.41,1.4,,6,7,0,,EcoInvent,Input,mass from casing,57,29,31,CALCULATED,0.01072932,6.5,MIN_MAX_AVG,
"L15, L17, L19",,Passives,Inductors,kg,kg,0.000945,0.000945,"inductor production, ring core choke type",Power Inductor,WÜRTH ELEKTRONIK,74408943100,"10µH, ±20%, WE‑SPC SMD Power Inductor",3,0.000315,YES,,,,,,,,0,EcoInvent,Input,Mass from volume (4.8×4.8×3.8 mm) × 5 g/cm³ ≈ 0.44 g. Würth 74408943100 datasheet.,60,29,31,DATASHEET_QTY_KG,,,MISSING,
L18,,Passives,Inductors,kg,kg,6e-05,6e-05,"inductor production, low value multilayer chip",Power Inductor,MURATA,IND_4.7UH_20%_MURATA-PS_8200,"4.7µH, ±20%, 2.5×2.0×1.5mm Inductor",1,6e-05,YES,,,,,,,,,EcoInvent,Input,https://www.mouser.de/ProductDetail/Murata-Power-Solutions/82472C?qs=5CKLVr1iF0mqQyDveQwIEg%3D%3D,61,29,31,DATASHEET_QTY_KG,,,MISSING,
"P1_ANA_CAL_0, P1_ANA_CAL_1, P2_ANA_CAL_0, P2_ANA_CAL_1",,Passives,Resistors,kg,kg,0.0008,0.0008,"electronic component, passive, unspecified",Trimmer,BOURNS,3224X-1-200E,"20Ω, 12‑turn, 4.8×3.8×2.5mm SMD Trimming Potentiometer",4,0.0002,YES,,,,,,,,0,EcoInvent,Input,https://www.mouser.de/ProductDetail/Bourns/3224X-1-200E?qs=SMQt91Li6bUlKocAhGVO%252Bw%3D%3D,62,30,32,DATASHEET_QTY_KG,,,MISSING,
R1,0402,Passives,Resistors,kg,kg,8.125e-07,8.125e-07,"resistor production, surface-mounted",Thin Film,GENERIC,R0402_31K6_0.1%_0.063W_25PPM,31.6kΩ ±0.1% 0.063W 25ppm/°C Thin Film Chip Resistor,1,8.125e-07,NO,1.0,0.5,0.35,,3,4,0.0002,0,EcoInvent,Input,Mass from generic 0402 resistor.,63,31,33,CALCULATED,0.000175,3.5,MIN_MAX_AVG,
"R3, R14_ANA_CAL_0, R14_ANA_CAL_1, R20_ANA_CAL_0, R20_ANA_CAL_1, R27, R29, R30, R31, R52_ADC_1, R52_ADC_2, R52_ADC_3, R52_ADC_4, R52_ADC_5, R52_ADC_6, R56, R57, R58_ANA_CAL_0, R58_ANA_CAL_1, R59_ANA_CAL_0, R59_ANA_CAL_1",0603,Passives,Resistors,kg,kg,0.000139776,0.000139776,"resistor production, surface-mounted",Thin Film,GENERIC,R0603_10R_0.1%_0.063W_10PPM,10Ω ±0.1% 0.063W 10ppm/°C Thin Film Chip Resistor,21,6.656e-06,NO,1.6,0.8,0.8,,6,7,0,,EcoInvent,Input,Mass from generic 0603 resistor,65,31,33,CALCULATED,0.001024,6.5,MIN_MAX_AVG,
"R5_ANA_CAL_0, R5_ANA_CAL_1, R8_ANA_CAL_0, R8_ANA_CAL_1, R26, R28, R35, R39, R43, R54, R55, R60, R61, R62",0603,Passives,Resistors,kg,kg,9.3184e-05,9.3184e-05,"resistor production, surface-mounted",Thin Film,GENERIC,R0603_1K_0.1%_0.1W_25PPM,1kΩ ±0.1% 0.1W 25ppm/°C Thin Film Chip Resistor,14,6.656e-06,NO,1.6,0.8,0.8,,6,7,0,,EcoInvent,Input,Mass from generic 0603 resistor.,66,31,33,CALCULATED,0.001024,6.5,MIN_MAX_AVG,
"R10_ANA_CAL_0, R10_ANA_CAL_1, R18_ANA_CAL_0, R18_ANA_CAL_1",0603,Passives,Resistors,kg,kg,2.6624e-05,2.6624e-05,"resistor production, surface-mounted",Thin Film,GENERIC,R0603_1M_0.1%_0.063W_25PPM,1MΩ ±0.1% 0.063W 25ppm/°C Thin Film Chip Resistor,4,6.656e-06,NO,1.6,0.8,0.8,,6,7,0,,EcoInvent,Input,Mass from generic 0603 resistor.,70,31,33,CALCULATED,0.001024,6.5,MIN_MAX_AVG,
"R11_ANA_CAL_0, R11_ANA_CAL_1",0603,Passives,Resistors,kg,kg,1.3312e-05,1.3312e-05,"resistor production, surface-mounted",Thin Film,GENERIC,R0603_20R_0.1%_0.063W_10PPM,20Ω ±0.1% 0.063W 10ppm/°C Thin Film Chip Resistor,2,6.656e-06,NO,1.6,0.8,0.8,,6,7,0,,EcoInvent,Input,Mass from generic 0603 resistor.,71,31,33,CALCULATED,0.001024,6.5,MIN_MAX_AVG,
"R12_ANA_CAL_0, R12_ANA_CAL_1, R13_ANA_CAL_0, R13_ANA_CAL_1, R16_ANA_CAL_0, R16_ANA_CAL_1, R17_ANA_CAL_0, R17_ANA_CAL_1",0603,Passives,Resistors,kg,kg,5.3248e-05,5.3248e-05,"resistor production, surface-mounted",Thin Film,GENERIC,R0603_220R_0.1%_0.1W_25PPM,220Ω ±0.1% 0.1W 25ppm/°C Thin Film Chip Resistor,8,6.656e-06,NO,1.6,0.8,0.8,,6,7,0,,EcoInvent,Input,Mass from generic 0603 resistor.,72,31,33,CALCULATED,0.001024,6.5,MIN_MAX_AVG,
"R15_ANA_CAL_0, R15_ANA_CAL_1, R21_ANA_CAL_0, R21_ANA_CAL_1",0603,Passives,Resistors,kg,kg,2.6624e-05,2.6624e-05,"resistor production, surface-mounted",Thin Film,GENERIC,R0603_5R1_0.1%_0.063W_25PPM,5.1Ω ±0.1% 0.063W 25ppm/°C Thin Film Chip Resistor,4,6.656e-06,NO,1.6,0.8,0.8,,6,7,0,,EcoInvent,Input,Mass from generic 0603 resistor.,73,31,33,CALCULATED,0.001024,6.5,MIN_MAX_AVG,
"R2, R4, R33, R37, R40, R41, R42, R44, R45, R46, R49, R50, R53, R111, R112, R113, R114, R115, R116, R117, R118, R119, R120, R123, R124, R125, R132, R133, R138, R156, R158, R159",0402,Passives,Resistors,kg,kg,2.6e-05,2.6e-05,"resistor production, surface-mounted",Thick Film,GENERIC,R0402_10K_1%_0.0625W_100PPM,10kΩ ±1% 0.0625W 100ppm/°C Thick Film Chip Resistor,32,8.125e-07,NO,1.0,0.5,0.35,,3,4,0.0002,0,EcoInvent,Input,Mass from generic 0402 resistor.,64,32,34,CALCULATED,0.000175,3.5,MIN_MAX_AVG,
"R6, R22, R23, R157",0402,Passives,Resistors,kg,kg,3.25e-06,3.25e-06,"resistor production, surface-mounted",Thick Film,GENERIC,R0402_51R_1%_0.0625W_100PPM,51Ω ±1% 0.0625W 100ppm/°C Thick Film Chip Resistor,4,8.125e-07,NO,1.0,0.5,0.35,,3,4,0.0002,0,EcoInvent,Input,Mass from generic 0402 resistor.,67,32,34,CALCULATED,0.000175,3.5,MIN_MAX_AVG,
"R7, R24",0402,Passives,Resistors,kg,kg,1.625e-06,1.625e-06,"resistor production, surface-mounted",Thick Film,GENERIC,R0402_820R_1%_0.0625W_100PPM,820Ω ±1% 0.0625W 100ppm/°C Thick Film Chip Resistor,2,8.125e-07,NO,1.0,0.5,0.35,,3,4,0.0002,0,EcoInvent,Input,Mass from generic 0402 resistor.,68,32,34,CALCULATED,0.000175,3.5,MIN_MAX_AVG,
"R9_ANA_CAL_0, R9_ANA_CAL_1, R19_ANA_CAL_0, R19_ANA_CAL_1",0402,Passives,Resistors,kg,kg,3.25e-06,3.25e-06,"resistor production, surface-mounted",Thick Film,GENERIC,R0402_470R_1%_0.0625W_100PPM,470Ω ±1% 0.0625W 100ppm/°C Thick Film Chip Resistor,4,8.125e-07,NO,1.0,0.5,0.35,,3,4,0.0002,0,EcoInvent,Input,Mass from generic 0402 resistor.,69,32,34,CALCULATED,0.000175,3.5,MIN_MAX_AVG,
"R25, R34, R129, R149, R155",0805,Passives,Resistors,kg,kg,4.0625e-05,4.0625e-05,"resistor production, surface-mounted",Thick Film,GENERIC,R0805_0R05_1%_0.25W_300PPM,0.05Ω ±1% 0.25W 300ppm/°C Low Resistance Chip Resistor,5,8.125e-06,NO,2,1.25,0.5,,6,7,0,,EcoInvent,Input,Mass from generic 0805 resistor.,74,32,34,CALCULATED,0.00125,6.5,MIN_MAX_AVG,
R32,0402,Passives,Resistors,kg,kg,8.125e-07,8.125e-07,"resistor production, surface-mounted",Thick Film,GENERIC,R0402_11K_1%_0.0625W_100PPM,11kΩ ±1% 0.0625W 100ppm/°C Thick Film Chip Resistor,1,8.125e-07,NO,1.0,0.5,0.35,,3,4,0.0002,0,EcoInvent,Input,Mass from generic 0402 resistor.,75,32,34,CALCULATED,0.000175,3.5,MIN_MAX_AVG,
"R36, R51, R137, R140",0402,Passives,Resistors,kg,kg,3.25e-06,3.25e-06,"resistor production, surface-mounted",Thick Film,GENERIC,R0402_30K_1%_0.0625W_100PPM,30kΩ ±1% 0.0625W 100ppm/°C Thick Film Chip Resistor,4,8.125e-07,NO,1.0,0.5,0.35,,3,4,0.0002,0,EcoInvent,Input,Mass from generic 0402 resistor.,76,32,34,CALCULATED,0.000175,3.5,MIN_MAX_AVG,
"R38, R131",0402,Passives,Resistors,kg,kg,1.625e-06,1.625e-06,"resistor production, surface-mounted",Thick Film,GENERIC,R0402_51K_1%_0.0625W_100PPM,51kΩ ±1% 0.0625W 100ppm/°C Thick Film Chip Resistor,2,8.125e-07,NO,1.0,0.5,0.35,,3,4,0.0002,0,EcoInvent,Input,Mass from generic 0402 resistor.,77,32,34,CALCULATED,0.000175,3.5,MIN_MAX_AVG,
"R47, R48",0402,Passives,Resistors,kg,kg,1.625e-06,1.625e-06,"resistor production, surface-mounted",Thick Film,GENERIC,R0402_240K_1%_0.0625W_100PPM,240kΩ ±1% 0.0625W 100ppm/°C Thick Film Chip Resistor,2,8.125e-07,NO,1.0,0.5,0.35,,3,4,0.0002,0,EcoInvent,Input,Mass from generic 0402 resistor.,78,32,34,CALCULATED,0.000175,3.5,MIN_MAX_AVG,
"R63_ADC_1, R63_ADC_2, R63_ADC_3, R63_ADC_4, R63_ADC_5, R63_ADC_6, R68_ADC_1, R68_ADC_2, R68_ADC_3, R68_ADC_4, R68_ADC_5, R68_ADC_6, R69_ADC_1, R69_ADC_2, R69_ADC_3, R69_ADC_4, R69_ADC_5, R69_ADC_6, R74_ADC_1, R74_ADC_2, R74_ADC_3, R74_ADC_4, R74_ADC_5, R74_ADC_6, R75_ADC_1, R75_ADC_2, R75_ADC_3, R75_ADC_4, R75_ADC_5, R75_ADC_6, R80_ADC_1, R80_ADC_2, R80_ADC_3, R80_ADC_4, R80_ADC_5, R80_ADC_6, R81_ADC_1, R81_ADC_2, R81_ADC_3, R81_ADC_4, R81_ADC_5, R81_ADC_6, R86_ADC_1, R86_ADC_2, R86_ADC_3, R86_ADC_4, R86_ADC_5, R86_ADC_6, R87_ADC_1, R87_ADC_2, R87_ADC_3, R87_ADC_4, R87_ADC_5, R87_ADC_6, R92_ADC_1, R92_ADC_2, R92_ADC_3, R92_ADC_4, R92_ADC_5, R92_ADC_6, R93_ADC_1, R93_ADC_2, R93_ADC_3, R93_ADC_4, R93_ADC_5, R93_ADC_6, R98_ADC_1, R98_ADC_2, R98_ADC_3, R98_ADC_4, R98_ADC_5, R98_ADC_6, R99_ADC_1, R99_ADC_2, R99_ADC_3, R99_ADC_4, R99_ADC_5, R99_ADC_6, R104_ADC_1, R104_ADC_2, R104_ADC_3, R104_ADC_4, R104_ADC_5, R104_ADC_6, R105_ADC_1, R105_ADC_2, R105_ADC_3, R105_ADC_4, R105_ADC_5, R105_ADC_6, R110_ADC_1, R110_ADC_2, R110_ADC_3, R110_ADC_4, R110_ADC_5, R110_ADC_6, R126",0402,Passives,Resistors,kg,kg,7.88125e-05,7.88125e-05,"resistor production, surface-mounted",Thick Film,GENERIC,R0402_1M_1%_0.0625W_100PPM,1MΩ ±1% 0.0625W 100ppm/°C Thick Film Chip Resistor,97,8.125e-07,NO,1.0,0.5,0.35,,3,4,0.0002,0,EcoInvent,Input,Mass from generic 0402 resistor.,79,32,34,CALCULATED,0.000175,3.5,MIN_MAX_AVG,
"R64_ADC_1, R64_ADC_2, R64_ADC_3, R64_ADC_4, R64_ADC_5, R64_ADC_6, R65_ADC_1, R65_ADC_2, R65_ADC_3, R65_ADC_4, R65_ADC_5, R65_ADC_6, R66_ADC_1, R66_ADC_2, R66_ADC_3, R66_ADC_4, R66_ADC_5, R66_ADC_6, R67_ADC_1, R67_ADC_2, R67_ADC_3, R67_ADC_4, R67_ADC_5, R67_ADC_6, R70_ADC_1, R70_ADC_2, R70_ADC_3, R70_ADC_4, R70_ADC_5, R70_ADC_6, R71_ADC_1, R71_ADC_2, R71_ADC_3, R71_ADC_4, R71_ADC_5, R71_ADC_6, R72_ADC_1, R72_ADC_2, R72_ADC_3, R72_ADC_4, R72_ADC_5, R72_ADC_6, R73_ADC_1, R73_ADC_2, R73_ADC_3, R73_ADC_4, R73_ADC_5, R73_ADC_6, R76_ADC_1, R76_ADC_2, R76_ADC_3, R76_ADC_4, R76_ADC_5, R76_ADC_6, R77_ADC_1, R77_ADC_2, R77_ADC_3, R77_ADC_4, R77_ADC_5, R77_ADC_6, R78_ADC_1, R78_ADC_2, R78_ADC_3, R78_ADC_4, R78_ADC_5, R78_ADC_6, R79_ADC_1, R79_ADC_2, R79_ADC_3, R79_ADC_4, R79_ADC_5, R79_ADC_6, R82_ADC_1, R82_ADC_2, R82_ADC_3, R82_ADC_4, R82_ADC_5, R82_ADC_6, R83_ADC_1, R83_ADC_2, R83_ADC_3, R83_ADC_4, R83_ADC_5, R83_ADC_6, R84_ADC_1, R84_ADC_2, R84_ADC_3, R84_ADC_4, R84_ADC_5, R84_ADC_6, R85_ADC_1, R85_ADC_2, R85_ADC_3, R85_ADC_4, R85_ADC_5, R85_ADC_6, R88_ADC_1, R88_ADC_2, R88_ADC_3, R88_ADC_4, R88_ADC_5, R88_ADC_6, R89_ADC_1, R89_ADC_2, R89_ADC_3, R89_ADC_4, R89_ADC_5, R89_ADC_6, R90_ADC_1, R90_ADC_2, R90_ADC_3, R90_ADC_4, R90_ADC_5, R90_ADC_6, R91_ADC_1, R91_ADC_2, R91_ADC_3, R91_ADC_4, R91_ADC_5, R91_ADC_6, R94_ADC_1, R94_ADC_2, R94_ADC_3, R94_ADC_4, R94_ADC_5, R94_ADC_6, R95_ADC_1, R95_ADC_2, R95_ADC_3, R95_ADC_4, R95_ADC_5, R95_ADC_6, R96_ADC_1, R96_ADC_2, R96_ADC_3, R96_ADC_4, R96_ADC_5, R96_ADC_6, R97_ADC_1, R97_ADC_2, R97_ADC_3, R97_ADC_4, R97_ADC_5, R97_ADC_6, R100_ADC_1, R100_ADC_2, R100_ADC_3, R100_ADC_4, R100_ADC_5, R100_ADC_6, R101_ADC_1, R101_ADC_2, R101_ADC_3, R101_ADC_4, R101_ADC_5, R101_ADC_6, R102_ADC_1, R102_ADC_2, R102_ADC_3, R102_ADC_4, R102_ADC_5, R102_ADC_6, R103_ADC_1, R103_ADC_2, R103_ADC_3, R103_ADC_4, R103_ADC_5, R103_ADC_6, R106_ADC_1, R106_ADC_2, R106_ADC_3, R106_ADC_4, R106_ADC_5, R106_ADC_6, R107_ADC_1, R107_ADC_2, R107_ADC_3, R107_ADC_4, R107_ADC_5, R107_ADC_6, R108_ADC_1, R108_ADC_2, R108_ADC_3, R108_ADC_4, R108_ADC_5, R108_ADC_6, R109_ADC_1, R109_ADC_2, R109_ADC_3, R109_ADC_4, R109_ADC_5, R109_ADC_6, R160, R161, R162, R163",0402,Passives,Resistors,kg,kg,0.00015925,0.00015925,"resistor production, surface-mounted",Thick Film,GENERIC,R0402_220R_1%_0.0625W_100PPM,220Ω ±1% 0.0625W 100ppm/°C Thick Film Chip Resistor,196,8.125e-07,NO,1.0,0.5,0.35,,3,4,0.0002,0,EcoInvent,Input,Mass from generic 0402 resistor.,80,32,34,CALCULATED,0.000175,3.5,MIN_MAX_AVG,
R127,0402,Passives,Resistors,kg,kg,8.125e-07,8.125e-07,"resistor production, surface-mounted",Thick Film,GENERIC,R0402_60K4_1%_0.063W_100PPM,60.4kΩ ±1% 0.063W 100ppm/°C Thick Film Chip Resistor,1,8.125e-07,NO,1.0,0.5,0.35,,3,4,0.0002,0,EcoInvent,Input,Mass from generic 0402 resistor.,82,32,34,CALCULATED,0.000175,3.5,MIN_MAX_AVG,
"R128, R167",0402,Passives,Resistors,kg,kg,1.625e-06,1.625e-06,"resistor production, surface-mounted",Thick Film,GENERIC,R0402_180K_1%_0.0625W_100PPM,180kΩ ±1% 0.0625W 100ppm/°C Thick Film Chip Resistor,2,8.125e-07,NO,1.0,0.5,0.35,,3,4,0.0002,0,EcoInvent,Input,Mass from generic 0402 resistor.,83,32,34,CALCULATED,0.000175,3.5,MIN_MAX_AVG,
"R130, R150, R151, R152, R153, R154",0402,Passives,Resistors,kg,kg,4.875e-06,4.875e-06,"resistor production, surface-mounted",Thick Film,GENERIC,R0402_8R2_1%_0.0625W_200PPM,8.2Ω ±1% 0.0625W 200ppm/°C Thick Film Chip Resistor,6,8.125e-07,NO,1.0,0.5,0.35,,3,4,0.0002,0,EcoInvent,Input,Mass from generic 0402 resistor.,84,32,34,CALCULATED,0.000175,3.5,MIN_MAX_AVG,
"R139, R141",0402,Passives,Resistors,kg,kg,1.625e-06,1.625e-06,"resistor production, surface-mounted",Thick Film,GENERIC,R0402_120K_1%_0.0625W_100PPM,120kΩ ±1% 0.0625W 100ppm/°C Thick Film Chip Resistor,2,8.125e-07,NO,1.0,0.5,0.35,,3,4,0.0002,0,EcoInvent,Input,Mass from generic 0402 resistor.,85,32,34,CALCULATED,0.000175,3.5,MIN_MAX_AVG,
R164,0805,Passives,Resistors,kg,kg,4.376e-06,4.376e-06,"resistor production, surface-mounted",Thick Film,GENERIC,R0805_10M_1%_0.125W_100PPM,10MΩ ±1% 0.125W 100ppm/°C Thick Film Chip Resistor,1,4.376e-06,NO,2.0,1.25,0.5,,3,4,0.000001,0,EcoInvent,Input,Mass from generic 0805 resistor.,86,32,34,CALCULATED,0.00125,3.5,MIN_MAX_AVG,
R165,1206,Passives,Resistors,kg,kg,1.2856e-05,1.2856e-05,"resistor production, surface-mounted",Thick Film,GENERIC,R1206_0R01_1%_1W_100PPM,0.01Ω ±1% 1W 100ppm/°C Current Sense Chip Resistor,1,1.2856e-05,NO,3.2,1.6,0.55,,3,4,0.003,0,EcoInvent,Input,Mass from generic 1206 resistor,87,32,34,CALCULATED,0.002816,3.5,MIN_MAX_AVG,
R166,0402,Passives,Resistors,kg,kg,8.125e-07,8.125e-07,"resistor production, surface-mounted",Thick Film,GENERIC,R0402_1K5_1%_0.0625W_100PPM,1.5kΩ ±1% 0.0625W 100ppm/°C Thick Film Chip Resistor,1,8.125e-07,NO,1.0,0.5,0.35,,3,4,0.0002,0,EcoInvent,Input,Mass from generic 0402 resistor.,88,32,34,CALCULATED,0.000175,3.5,MIN_MAX_AVG,
R169,0402,Passives,Resistors,kg,kg,8.125e-07,8.125e-07,"resistor production, surface-mounted",Thick Film,GENERIC,R0402_33K_1%_0.0625W_100PPM,33kΩ ±1% 0.0625W 100ppm/°C Thick Film Chip Resistor,1,8.125e-07,NO,1.0,0.5,0.35,,3,4,0.0002,0,EcoInvent,Input,Mass from generic 0402 resistor.,89,32,34,CALCULATED,0.000175,3.5,MIN_MAX_AVG,
"R121, R122, R134, R135, R136, R142, R143, R144, R145, R146, R147, R148, R168",0402,Passives,Resistors,kg,kg,1.05625e-05,1.05625e-05,"resistor production, surface-mounted",Zero Ohm,GENERIC,R0402_0R_JUMPER,0Ω Zero Ohm Jumper,13,8.125e-07,NO,1.0,0.5,0.35,,3,4,0.0002,0,EcoInvent,Input,Mass from generic 0402 resistor.,81,33,35,CALCULATED,0.000175,3.5,MIN_MAX_AVG,
"RN1_ADC_1, RN1_ADC_2, RN1_ADC_3, RN1_ADC_4, RN1_ADC_5, RN1_ADC_6, RN2_ADC_1, RN2_ADC_2, RN2_ADC_3, RN2_ADC_4, RN2_ADC_5, RN2_ADC_6",,Passives,Resistors,kg,kg,0.00132,0.00132,"electronic component, passive, unspecified",Resistor Network,YAGEO,YC248-JR-0733RL,"8 Isolated Resistors, 33Ω, 5%, 10×4×2mm",12,0.00011,YES,,,,,,,,,EcoInvent,Input,passsive because is a group of resistors so it is accurate to just use a generic. mass: https://www.mouser.ch/ProductDetail/YAGEO/YC248-JR-0733RL?qs=nLJruSqDb979t1oygygK%252Bw%3D%3D,90,34,36,DATASHEET_QTY_KG,,,MISSING,
"RN3_ANA_CAL_0, RN3_ANA_CAL_1",,Passives,Resistors,kg,kg,0.00016,0.00016,"electronic component, passive, unspecified",Resistor Network,VISHAY,Y1365V0548BA0,"4 Resistors 10k-3k5-3k5-10k, 0.05%",2,8e-05,YES,,,,,,,,,EcoInvent,Input,https://uk.farnell.com/vishay-foil-resistors/y1365v0008qt9r/res-n-w-precision-4-res-10k-10k/dp/2820565RL,91,34,36,DATASHEET_QTY_KG,,,MISSING,
"RN5, RN8_ANA_CAL_0, RN8_ANA_CAL_1, RN9, RN10, RN11, RN12, RN13, RN14, RN15, RN16",0804,Passives,Resistors,kg,kg,0.001419,0.001419,"electronic component, passive, unspecified",Resistor Network,YAGEO,YC124-JR-0710RL,"4 Isolated Resistors, 10Ω, 5%, 5×4×2mm",11,0.000129,YES,,,,,,,,,EcoInvent,Input,mass: https://www.mouser.ch/ProductDetail/YAGEO/YC124-JR-0710RL?qs=8cPjvKtxWv5nBVVOMnQKvw%3D%3D,93,34,36,DATASHEET_QTY_KG,,,MISSING,
RN7,SOIC16,Passives,Resistors,kg,kg,0.0001853125,0.0001853125,"electronic component, passive, unspecified",Resistor Network,VISHAY,NOMCA16031002A,"8 Isolated Resistors, 10kΩ, 0.1%",1,0.0001853125,NO,10,3.9,1.75,,1.2,1.3,0.1,,EcoInvent,Input,https://www.mouser.ch/ProductDetail/Vishay-Thin-Film/NOMCA16031002ATS?qs=PA%252BPfIdQ8xn4mv4Zs3psSQ%3D%3D,94,34,36,CALCULATED,0.06825,1.25,MIN_MAX_AVG,
"RN4, RN6",SOT23-3,Passives,Resistors,kg,kg,1.6e-05,1.6e-05,"electronic component, passive, unspecified",Resistor Divider,VISHAY,MPMT10015001AT1,"1k/5k Resistor Divider, 0.1%",2,8e-06,YES,,,,,,,,0,EcoInvent,Input,https://www.mouser.ch/ProductDetail/Vishay-Thin-Film/MPMT10015001AT1?qs=nuXzIS8loXFNGU%2Fu8RPhCw%3D%3D,92,35,37,DATASHEET_QTY_KG,,,MISSING,
T1,SOT223,Discrete Semiconductors,Small signal,kg,kg,0.000188,0.000188,"transistor production, surface-mounted",Bipolar semiconductors,ONSEMI,PZT2907A,"PNP Transistor, 60V, 600mA, SOT223",1,0.000188,YES,,,,,,,,,EcoInvent,Input,https://www.mouser.es/ProductDetail/onsemi/PZT2907A?qs=UMEuL5FsraBXxz0nJet9Bg%3D%3D&srsltid=AfmBOopeoHCKH87-Ml34XF83hB62K3xHh1JxjGd1zT-2WUcnM2BNkdqF,95,36,38,DATASHEET_QTY_KG,,,MISSING,
"T2, T3",SOT23-3,Discrete Semiconductors,Small signal,kg,kg,1.6425e-05,1.6425e-05,"transistor production, surface-mounted",Bipolar Transistor,ONSEMI,MMBT2222A,"NPN Transistor, 40V, 600mA, SOT23",2,8.2125e-06,NO,2.9,1.3,1,,1.2,1.3,0.0035,,EcoInvent,Input,https://eu.mouser.com/ProductDetail/onsemi/MMBT2222ALT1G?qs=HVbQlW5zcXWwnD7Jokybqg%3D%3D&utm_id=22436684119&utm_source=google&utm_medium=cpc&utm_marketing_tactic=emeacorp&gad_source=1&gad_campaignid=22426730046&gbraid=0AAAAADn_wf3MMOq51xvQ_ZjdhmwfA-CwU&gclid=Cj0KCQjw1ZjOBhCmARIsADDuFTCQZHjv8zG1rLRjQKEE_tDBw2mmxUCuU4iRJzWEMaGFz2a0RVadYQsaAvYAEALw_wcB,96,37,39,CALCULATED,0.00377,1.25,MIN_MAX_AVG,
